src,name,ground_truth,OCR_parse,Times parse,Character Error Rate(CER),Error
กฎกระทรวง/001_กฎกระทรวงกำหนดกรณีการจัดซื้อจัดจ้างพัสดุโดยวิธีเฉพาะเจาะจง (ฉ.pdf,กฎกระทรวงกำหนดกรณีการจัดซื้อจัดจ้างพัสดุโดยวิธีเฉพาะเจาะจง (ฉ,"หน้า ๑

เล่ม ๑๔๑ ตอนที่ ๕๕ ก ราชกิจจานุเบกษา ๓๐ สิงหาคม ๒๕๖๗

กฎกระทรวง
กำหนดกรณีการจัดซื้อจัดจ้างพัสดุโดยวิธีเฉพาะเจาะจง (ฉบับที่ ๕)
พ.ศ. ๒๕๖๗

อาศัยอำนาจตามความในมาตรา ๕ วรรคหนึ่ง และมาตรา ๕๒ วรรคหนึ่ง (๒) (ช) แห่งพระราชบัญญัติการจัดซื้อจัดจ้างและการบริหารพัสดุภาครัฐ พ.ศ. ๒๕๖๐ รัฐมนตรีว่าการกระทรวงการคลังออกกฎกระทรวงไว้ ดังต่อไปนี้

ข้อ ๑ ให้ยกเลิกความใน (ก) ของ (๔) ของข้อ ๒ แห่งกฎกระทรวงกำหนดกรณีการจัดซื้อจัดจ้างพัสดุโดยวิธีเฉพาะเจาะจง พ.ศ. ๒๕๖๑ และให้ใช้ความต่อไปนี้แทน

""(ก) รัฐวิสาหกิจหรือนิติบุคคลที่มีหน่วยงานของรัฐถือหุ้นหรือเป็นหุ้นส่วนรวมอยู่ด้วยในรัฐวิสาหกิจหรือนิติบุคคลนั้นไม่น้อยกว่าร้อยละห้าสิบของทุนทั้งหมด""

ข้อ ๒ การจัดซื้อจัดจ้างพัสดุโดยวิธีเฉพาะเจาะจงตามข้อ ๒ (๔) แห่งกฎกระทรวงกำหนดกรณีการจัดซื้อจัดจ้างพัสดุโดยวิธีเฉพาะเจาะจง พ.ศ. ๒๕๖๑ ใด ที่ไม่เป็นไปตามข้อ ๒ (๔) แห่งกฎกระทรวงกำหนดกรณีการจัดซื้อจัดจ้างพัสดุโดยวิธีเฉพาะเจาะจง พ.ศ. ๒๕๖๑ ซึ่งแก้ไขเพิ่มเติมโดยกฎกระทรวงนี้ หากหน่วยงานของรัฐได้มีหนังสือเชิญชวนไปยังผู้ประกอบการให้เข้ายื่นข้อเสนอหรือให้เข้ามาเจรจาต่อรองราคาแล้วก่อนวันที่กฎกระทรวงนี้ใช้บังคับและยังดำเนินการจัดซื้อจัดจ้างไม่แล้วเสร็จ ให้ดำเนินการต่อไปได้จนกว่าจะแล้วเสร็จ เว้นแต่ในกรณีที่มีการยกเลิกการจัดซื้อจัดจ้างพัสดุดังกล่าว ให้การจัดซื้อจัดจ้างพัสดุครั้งใหม่นั้นดำเนินการตามกฎกระทรวงกำหนดกรณีการจัดซื้อจัดจ้างพัสดุโดยวิธีเฉพาะเจาะจง พ.ศ. ๒๕๖๑ ซึ่งแก้ไขเพิ่มเติมโดยกฎกระทรวงนี้

ให้ไว้ ณ วันที่ ๒๓ สิงหาคม พ.ศ. ๒๕๖๗
พิชัย ชุณหวชิร
รัฐมนตรีว่าการกระทรวงการคลัง

---PAGE---

หน้า ๒

เล่ม ๑๔๑ ตอนที่ ๕๕ ก ราชกิจจานุเบกษา ๓๐ สิงหาคม ๒๕๖๗

หมายเหตุ :- เหตุผลในการประกาศใช้กฎกระทรวงฉบับนี้ คือ โดยที่หลักเกณฑ์การจัดซื้อจัดจ้างพัสดุโดยวิธีเฉพาะเจาะจงกรณีการจัดซื้อจัดจ้างพัสดุจากรัฐวิสาหกิจหรือนิติบุคคลในเครือของหน่วยงานของรัฐเดียวกันในปัจจุบันยังมีความไม่เหมาะสม และอาจเป็นช่องทางให้มีการนำหลักเกณฑ์ดังกล่าวไปใช้โดยมีเจตนาไม่สุจริตได้ เพื่อป้องกันมิให้มีการนำหลักเกณฑ์การจัดซื้อจัดจ้างพัสดุโดยวิธีเฉพาะเจาะจงโดยอาศัยเหตุที่เป็นนิติบุคคลในเครือเดียวกันไปใช้ในการจัดซื้อจัดจ้างเพื่อหลีกเลี่ยงการปฏิบัติตามกฎหมายว่าด้วยการจัดซื้อจัดจ้างและการบริหารพัสดุภาครัฐ อันอาจก่อให้เกิดความเสียหายต่อการดำเนินงานของหน่วยงานของรัฐหรือประโยชน์สาธารณะ สมควรแก้ไขเพิ่มเติมสัดส่วนการถือหุ้นของหน่วยงานของรัฐในรัฐวิสาหกิจหรือนิติบุคคลในเครือของหน่วยงานของรัฐเดียวกันให้เหมาะสมยิ่งขึ้น จึงจำเป็นต้องออกกฎกระทรวงนี้","

<!-- ===== page 1 ===== -->

![Royal emblem of Thailand](f7884ed4d9e80fe92bf25704b8a0f4a4_2_img.webp)

## กฎกระทรวง

กำหนดการณ์การจัดซื้อจัดจ้างพัสดุโดยวิธีเฉพาะเจาะจง (ฉบับที่ ๕)

พ.ศ. ๒๕๖๗

อาศัยอำนาจตามความในมาตรา ๕ วรรคหนึ่ง และมาตรา ๕๖ วรรคหนึ่ง (๒) (ข) แห่งพระราชบัญญัติการจัดซื้อจัดจ้างและการบริหารพัสดุภาครัฐ พ.ศ. ๒๕๖๐ รัฐมนตรีว่าการกระทรวงการคลังออกกฎกระทรวงไว้ ดังต่อไปนี้

ข้อ ๑ ให้ยกเลิกความใน (ก) ของ (๔) ของข้อ ๒ แห่งกฎกระทรวงกำหนดการณ์การจัดซื้อจัดจ้างพัสดุโดยวิธีเฉพาะเจาะจง พ.ศ. ๒๕๖๑ และให้ใช้ความต่อไปนี้แทน

“(ก) รัฐวิสาหกิจหรือนิติบุคคลที่มีหน่วยงานของรัฐถือหุ้นหรือเป็นหุ้นส่วนรวมอยู่ด้วย ในรัฐวิสาหกิจหรือนิติบุคคลนั้นไม่น้อยกว่าร้อยละห้าสิบของทุนทั้งหมด”

ข้อ ๒ การจัดซื้อจัดจ้างพัสดุโดยวิธีเฉพาะเจาะจงตามข้อ ๒ (๔) แห่งกฎกระทรวงกำหนดการณ์การจัดซื้อจัดจ้างพัสดุโดยวิธีเฉพาะเจาะจง พ.ศ. ๒๕๖๑ ได้ ที่ไม่เป็นไปตามข้อ ๒ (๔) แห่งกฎกระทรวงกำหนดการณ์การจัดซื้อจัดจ้างพัสดุโดยวิธีเฉพาะเจาะจง พ.ศ. ๒๕๖๑ ซึ่งแก้ไขเพิ่มเติมโดยกฎกระทรวงนี้ หากหน่วยงานของรัฐได้มีหนังสือเชิญชวนไปยังผู้ประกอบการให้เข้ายื่นข้อเสนอหรือให้เข้ามาเจรจาต่อรองราคาแล้วก่อนวันที่กฎกระทรวงนี้ใช้บังคับและยังดำเนินการจัดซื้อจัดจ้างไม่แล้วเสร็จ ให้ดำเนินการต่อไปได้จนกว่าจะแล้วเสร็จ เว้นแต่ในกรณีที่มีการยกเลิกการจัดซื้อจัดจ้างดังกล่าว ให้การจัดซื้อจัดจ้างพัสดุครั้งใหม่นั้นดำเนินการตามกฎกระทรวงกำหนดการณ์การจัดซื้อจัดจ้างพัสดุโดยวิธีเฉพาะเจาะจง พ.ศ. ๒๕๖๑ ซึ่งแก้ไขเพิ่มเติมโดยกฎกระทรวงนี้

ให้ไว้ ณ วันที่ ๒๓ สิงหาคม พ.ศ. ๒๕๖๗

พิชัย ชุณหวชิร

รัฐมนตรีว่าการกระทรวงการคลัง

<!-- ===== page 2 ===== -->

หมายเหตุ :- เหตุผลในการประกาศใช้กฎกระทรวงฉบับนี้ คือ โดยที่หลักเกณฑ์การจัดซื้อจัดจ้างพัสดุโดยวิธีเฉพาะเจาะจงกรณีการจัดซื้อจัดจ้างพัสดุจากรัฐวิสาหกิจหรือนิติบุคคลในเครือของหน่วยงานของรัฐเดียวกันในปัจจุบันยังมีความไม่เหมาะสม และอาจเป็นช่องทางให้มีการนำหลักเกณฑ์ดังกล่าวไปใช้โดยมีเจตนาไม่สุจริตได้ เพื่อป้องกันมิให้มีการนำหลักเกณฑ์การจัดซื้อจัดจ้างพัสดุโดยวิธีเฉพาะเจาะจงโดยอาศัยเหตุที่เป็นนิติบุคคลในเครือเดียวกันไปใช้ในการจัดซื้อจัดจ้างเพื่อหลีกเลี่ยงการปฏิบัติตามกฎหมายว่าด้วยการจัดซื้อจัดจ้างและการบริหารพัสดุภาครัฐ อันอาจก่อให้เกิดความเสียหายต่อการดำเนินงานของหน่วยงานของรัฐ หรือประโยชน์สาธารณะ สมควรแก้ไขเพิ่มเติมสัดส่วนการถือหุ้นของหน่วยงานของรัฐในรัฐวิสาหกิจหรือนิติบุคคลในเครือของหน่วยงานของรัฐเดียวกันให้เหมาะสมยิ่งขึ้น จึงจำเป็นต้องออกกฎกระทรวงนี้",63.015,0.069307,
กฎกระทรวง/002_กฎกระทรวงกำหนดกรณีการจัดซื้อจัดจ้างพัสดุโดยวิธีเฉพาะเจาะจง (ฉ.pdf,กฎกระทรวงกำหนดกรณีการจัดซื้อจัดจ้างพัสดุโดยวิธีเฉพาะเจาะจง (ฉ,"หน้า ๑๒
เล่ม ๑๔๑ ตอนที่ ๑๖ ก ราชกิจจานุเบกษา ๒๗ มีนาคม ๒๕๖๗

กฎกระทรวง
กำหนดกรณีการจัดซื้อจัดจ้างพัสดุโดยวิธีเฉพาะเจาะจง (ฉบับที่ ๔)
พ.ศ. ๒๕๖๗

อาศัยอำนาจตามความในมาตรา ๕ วรรคหนึ่ง และมาตรา ๕๖ วรรคหนึ่ง (๒) (ซ) แห่งพระราชบัญญัติการจัดซื้อจัดจ้างและการบริหารพัสดุภาครัฐ พ.ศ. ๒๕๖๐ รัฐมนตรีว่าการกระทรวงการคลังออกกฎกระทรวงไว้ ดังต่อไปนี้

ให้ยกเลิกความใน (ข) ของข้อ ๒ แห่งกฎกระทรวงกำหนดกรณีการจัดซื้อจัดจ้างพัสดุโดยวิธีเฉพาะเจาะจง พ.ศ. ๒๕๖๑ ซึ่งแก้ไขเพิ่มเติมโดยกฎกระทรวงกำหนดกรณีการจัดซื้อจัดจ้างพัสดุโดยวิธีเฉพาะเจาะจง (ฉบับที่ ๓) พ.ศ. ๒๕๖๔ และให้ใช้ความต่อไปนี้แทน

""(ข) การจัดซื้อจัดจ้างพัสดุที่เกี่ยวกับการจัดประชุมระดับผู้นำประเทศหรือระดับรัฐมนตรีขึ้นไปที่ประเทศไทยเป็นเจ้าภาพ และการประชุมที่เกี่ยวข้องทุกระดับ รวมทั้งการเตรียมการ การประชาสัมพันธ์ หรือการอื่นใดที่เกี่ยวข้องกับการเป็นเจ้าภาพจัดการประชุมดังกล่าว""

ให้ไว้ ณ วันที่ ๒๐ มีนาคม พ.ศ. ๒๕๖๗
เศรษฐา ทวีสิน
รัฐมนตรีว่าการกระทรวงการคลัง

---PAGE---

หน้า ๑๓
เล่ม ๑๔๑ ตอนที่ ๑๖ ก ราชกิจจานุเบกษา ๒๗ มีนาคม ๒๕๖๗

หมายเหตุ :- เหตุผลในการประกาศใช้กฎกระทรวงฉบับนี้ คือ โดยที่มาตรา ๕๖ วรรคหนึ่ง (๒) (ซ) แห่งพระราชบัญญัติการจัดซื้อจัดจ้างและการบริหารพัสดุภาครัฐ พ.ศ. ๒๕๖๐ บัญญัติให้การจัดซื้อจัดจ้างโดยวิธีเฉพาะเจาะจงกรณีอื่นให้เป็นไปตามที่กำหนดในกฎกระทรวง เพื่อให้การจัดซื้อจัดจ้างพัสดุที่เกี่ยวกับการจัดประชุมระดับผู้นำประเทศหรือระดับรัฐมนตรีขึ้นไปที่ประเทศไทยเป็นเจ้าภาพ และการประชุมที่เกี่ยวข้องทุกระดับ รวมทั้งการเตรียมการ การประชาสัมพันธ์ หรือการอื่นใดที่เกี่ยวข้องกับการเป็นเจ้าภาพจัดการประชุมดังกล่าว เป็นไปด้วยความเรียบร้อยและเหมาะสม สมควรกำหนดให้การจัดซื้อจัดจ้างพัสดุกรณีดังกล่าวกระทำได้โดยวิธีเฉพาะเจาะจง จึงจำเป็นต้องออกกฎกระทรวงนี้","

<!-- ===== page 1 ===== -->

![Royal emblem of Thailand](9a70352a8234d88d9afea2ee35702657_4_img.webp)

## กฎกระทรวง

กำหนดการณ์การจัดซื้อจัดจ้างพัสดุโดยวิธีเฉพาะเจาะจง (ฉบับที่ ๔)

พ.ศ. ๒๕๖๗

อาศัยอำนาจตามความในมาตรา ๕ วรรคหนึ่ง และมาตรา ๕๖ วรรคหนึ่ง (๒) (ข) แห่งพระราชบัญญัติการจัดซื้อจัดจ้างและการบริหารพัสดุภาครัฐ พ.ศ. ๒๕๖๐ รัฐมนตรีว่าการกระทรวงการคลังออกกฎกระทรวงไว้ ดังต่อไปนี้

ให้ยกเลิกความใน (๖) ของข้อ ๒ แห่งกฎกระทรวงกำหนดการณ์การจัดซื้อจัดจ้างพัสดุโดยวิธีเฉพาะเจาะจง พ.ศ. ๒๕๖๑ ซึ่งแก้ไขเพิ่มเติมโดยกฎกระทรวงกำหนดการณ์การจัดซื้อจัดจ้างพัสดุโดยวิธีเฉพาะเจาะจง (ฉบับที่ ๓) พ.ศ. ๒๕๖๔ และให้ใช้ความต่อไปนี้แทน

“(๖) การจัดซื้อจัดจ้างพัสดุที่เกี่ยวกับการจัดประชุมระดับผู้นำประเทศหรือระดับรัฐมนตรีขึ้นไปในประเทศไทยเป็นเจ้าภาพ และการประชุมที่เกี่ยวข้องทุกระดับ รวมทั้งการเตรียมการ การประชาสัมพันธ์ หรือการอื่นใดที่เกี่ยวข้องกับการเป็นเจ้าภาพจัดการประชุมดังกล่าว”

ให้ไว้ ณ วันที่ ๒๐ มีนาคม พ.ศ. ๒๕๖๗

เศรษฐา ทวีสิน

รัฐมนตรีว่าการกระทรวงการคลัง

<!-- ===== page 2 ===== -->

หมายเหตุ :- เหตุผลในการประกาศใช้กฎกระทรวงฉบับนี้ คือ โดยที่มาตรา ๕๖ วรรคหนึ่ง (๒) (ข) แห่งพระราชบัญญัติการจัดซื้อจัดจ้างและการบริหารพัสดุภาครัฐ พ.ศ. ๒๕๖๐ บัญญัติให้การจัดซื้อจัดจ้างโดยวิธีเฉพาะเจาะจงกรณีอื่นให้เป็นไปตามที่กำหนดในกฎกระทรวง เพื่อให้การจัดซื้อจัดจ้างพัสดุที่เกี่ยวกับการจัดประชุมระดับผู้นำประเทศหรือระดับรัฐมนตรีขึ้นไปในประเทศไทยเป็นเจ้าภาพ และการประชุมที่เกี่ยวข้องทุกระดับ รวมทั้งการเตรียมการ การประชาสัมพันธ์ หรือการอื่นใดที่เกี่ยวข้องกับการเป็นเจ้าภาพ จัดการประชุมดังกล่าว เป็นไปด้วยความเรียบร้อยและเหมาะสม สมควรกำหนดให้การจัดซื้อจัดจ้างพัสดุกรณีดังกล่าวกระทำได้โดยวิธีเฉพาะเจาะจง จึงจำเป็นต้องออกกฎกระทรวงนี้",55.937,0.094399,
กฎกระทรวง/003_กฎกระทรวงกำหนดพัสดุและวิธีการจัดซื้อจัดจ้างพัสดุที่รัฐต้องกา.pdf,กฎกระทรวงกำหนดพัสดุและวิธีการจัดซื้อจัดจ้างพัสดุที่รัฐต้องกา," 
กฎกระทรวง 
ก ำหนดพัสดุและวิธีกำรจัดซื้อจัดจ้ำงพัสดุ 
ที่รัฐต้องกำรส่งเสริมหรือสนับสนุน  (ฉบับที่  4) 
พ.ศ.  2566 
 
 
อำศัยอ ำนำจตำมควำมในมำตรำ  ๕  วรรคหนึ่ง  มำตรำ  ๕๖  วรรคหนึ่ง  (๑)  (ซ)  (๒)  (ซ)   
และวรรคสอง  มำตรำ  ๖๕  วรรคสอง  มำตรำ  ๗๐  (๒)  (ง)  และ  (๓)  (ช)  และมำตรำ  ๗๕   
วรรคสอง  แห่งพระรำชบัญญัติกำรจัดซื้อจัดจ้ำงและกำรบริหำรพัสดุภำครัฐ  พ.ศ.  ๒๕๖๐  รัฐมนตรีว่ำกำร
กระทรวงกำรคลังออกกฎกระทรวงไว้  ดังต่อไปนี้ 
ข้อ ๑ ให้เพิ่มควำมต่อไปนี้เป็นหมวด  ๗/๓  พัสดุส่งเสริมดิจิทัล  ข้อ  ๒๗/๗  ข้อ  ๒๗/๘ 
และข้อ  ๒๗/๙  แห่งกฎกระทรวงก ำหนดพัสดุและวิธีกำรจัดซื้อจัดจ้ำงพัสดุที่รัฐต้องกำรส่งเสริม 
หรือสนับสนุน  พ.ศ.  ๒๕๖๓ 
“หมวด  ๗/๓ 
พัสดุส่งเสริมดิจิทัล 
 
 
ข้อ  ๒๗/๗  ในหมวดนี้   
“พัสดุส่งเสริมดิจิทัล”  หมำยควำมว่ำ  โปรแกรมคอมพิวเตอร์  ซอฟต์แวร์  ฮำร์ดแวร์ 
อุปกรณ์อัจฉริยะ  บริกำรด้ำนดิจิทัล  เนื้อหำดิจิทัล  (digital  content)  รวมถึงโปรแกรมหรือชุดค ำสั่ง 
ที่ใช้สั่งงำนให้คอมพิวเตอร์ท ำงำน  หรือตัวกลำงที่น ำพำผู้ใช้ให้เข้ำไปถึงระบบต่ำง ๆ  ที่หลำกหลำยของ 
อุปกรณ์ท ำงำนร่วมกัน  และกำรให้บริกำรซอฟต์แวร์แบบคลำวด์  (cloud  computing)  โดยไม่ต้อง
ติดตั้งซอฟต์แวร์ลงบนเครื่องคอมพิวเตอร์  (software  as  a  service)  รวมทั้งฮำร์ดแวร์และอุปกรณ์ 
ที่มีระบบฝังตัวหรือสมองกลฝังตัว  (embedded  system)  ที่มีระบบประมวลผลที่ใช้ชิปหรือ 
ไมโครโพรเซสเซอร์ที่ออกแบบมำโดยเฉพำะ  ที่ได้รับกำรรับรองมำตรฐำนด้ำนดิจิทัลตำมที่ส ำนักงำน
ส่งเสริมเศรษฐกิจดิจิทัลก ำหนด 
ข้อ  ๒๗/๘  ให้พัสดุส่งเสริมดิจิทัลที่ได้ขึ้นทะเบียนในบัญชีบริกำรดิจิทัลของส ำนักงำนส่งเสริม
เศรษฐกิจดิจิทัล  เป็นพัสดุที่รัฐต้องกำรส่งเสริมหรือสนับสนุน 
้หนา   ๑
่เลม   ๑๔๐   ตอนที่   ๕๔    ก
ราชกิจจานุเบกษา
๖   กันยายน   ๒๕๖๖
ข้อ  ๒๗/๙  วิธีกำรจัดซื้อจัดจ้ำงพัสดุส่งเสริมดิจิทัลตำมข้อ  ๒๗/๘  ให้ด ำเนินกำร  ดังต่อไปนี้ 
(๑) หำกพัสดุที่จะจัดซื้อจัดจ้ำงมีผู้ขำยสินค้ำหรือผู้ให้บริกำรเพียงรำยเดียว  ให้หน่วยงำนของรัฐ 
จัดซื้อจัดจ้ำงโดยวิธีเฉพำะเจำะจงจำกผู้ขำยหรือผู้ให้บริกำรโดยตรง 
(๒) หำกพัสดุที่จะจัดซื้อจัดจ้ำงมีผู้ขำยสินค้ำหรือผู้ให้บริกำรตั้งแต่สองรำยขึ้นไป  ให้หน่วยงำน 
ของรัฐจัดซื้อจัดจ้ำงโดยวิธีคัดเลือก 
หำกหน่วยงำนของรัฐไม่ประสงค์จะจัดซื้อจัดจ้ำงโดยวิธีตำม  (๑)  หรือ  (๒)  จะใช้วิธีประกำศ
เชิญชวนทั่วไปก็ได้” 
ข้อ ๒ ให้เพิ่มควำมต่อไปนี้เป็น  (ช)  ของ  (๑)  ของข้อ  ๒๙  แห่งกฎกระทรวงก ำหนดพัสดุ 
และวิธีกำรจัดซื้อจัดจ้ำงพัสดุที่รัฐต้องกำรส่งเสริมหรือสนับสนุน  พ.ศ.  ๒๕๖๓ 
“(ช)  สถำบันระหว่ำงประเทศเพื่อกำรค้ำและกำรพัฒนำ  (องค์กำรมหำชน)” 
ข้อ ๓ ให้ยกเลิกควำมในข้อ  ๓๐  แห่งกฎกระทรวงก ำหนดพัสดุและวิธีกำรจัดซื้อจัดจ้ำงพัสดุ 
ที่รัฐต้องกำรส่งเสริมหรือสนับสนุน  พ.ศ.  ๒๕๖๓  และให้ใช้ควำมต่อไปนี้แทน 
“ข้อ  ๓๐  ให้หน่วยงำนของรัฐจัดจ้ำงที่ปรึกษำตำมข้อ  ๒๙  (๑)  (ข)  (ค)  (ง)  (จ)  (ฉ)  และ  
(ช)  และ  (๒)  โดยวิธีเฉพำะเจำะจง  หรือหำกหน่วยงำนของรัฐไม่ประสงค์จะจัดจ้ำงโดยวิธีเฉพำะเจำะจง  
หน่วยงำนของรัฐจะใช้วิธีประกำศเชิญชวนทั่วไปหรือวิธีคัดเลือกก็ได้” 
 
ให้ไว้  ณ  วันที่  31  สิงหำคม  พ.ศ.  ๒๕๖6 
อำคม  เติมพิทยำไพสิฐ 
รัฐมนตรีว่ำกำรกระทรวงกำรคลัง 
 
 
้หนา   ๒
่เลม   ๑๔๐   ตอนที่   ๕๔    ก
ราชกิจจานุเบกษา
๖   กันยายน   ๒๕๖๖
หมำยเหตุ  :-  เหตุผลในกำรประกำศใช้กฎกระทรวงฉบับนี้  คือ  โดยที่เป็นกำรสมควรก ำหนดให้พัสดุส่งเสริม
ดิจิทัลเป็นพัสดุที่รัฐต้องกำรส่งเสริมหรือสนับสนุน  เพื่อให้มีกำรใช้สินค้ำหรือบริกำรดิจิทัลของผู้ประกอบกำร
ดิจิทัลของประเทศไทยที่ได้ขึ้นทะเบียนในบัญชีบริกำรดิจิทัลของส ำนักงำนส่งเสริมเศรษฐกิจดิจิทัล  รวมทั้ง
ก ำหนดให้สถำบันระหว่ำงประเทศเพื่อกำรค้ำและกำรพัฒนำ  (องค์กำรมหำชน)  เป็นที่ปรึกษำประเภท 
หน่วยงำนของรัฐที่รัฐต้องกำรส่งเสริมหรือสนับสนุน  จึงจ ำเป็นต้องออกกฎกระทรวงนี้ 
้หนา   ๓
่เลม   ๑๔๐   ตอนที่   ๕๔    ก
ราชกิจจานุเบกษา
๖   กันยายน   ๒๕๖๖
","

<!-- ===== page 1 ===== -->

![Royal emblem of Thailand](1bd3d53cda73882d12db49a15d6b3c39_4_img.webp)

## กฎกระทรวง

กำหนดพัสดุและวิธีการจัดซื้อจัดจ้างพัสดุ  
ที่รัฐต้องการส่งเสริมหรือสนับสนุน (ฉบับที่ ๔)

พ.ศ. ๒๕๖๖

อาศัยอำนาจตามความในมาตรา ๕ วรรคหนึ่ง มาตรา ๕๖ วรรคหนึ่ง (๑) (ข) (๒) (ข) และวรรคสอง มาตรา ๖๕ วรรคสอง มาตรา ๗๐ (๒) (ง) และ (๓) (ข) และมาตรา ๗๕ วรรคสอง แห่งพระราชบัญญัติการจัดซื้อจัดจ้างและการบริหารพัสดุภาครัฐ พ.ศ. ๒๕๖๐ รัฐมนตรีว่าการกระทรวงการคลังออกกฎกระทรวงไว้ ดังต่อไปนี้

ข้อ ๑ ให้เพิ่มความต่อไปนี้เป็นหมวด ๗/๓ พุสดุส่งเสริมดิจิทัล ข้อ ๒๗/๗ ข้อ ๒๗/๘ และข้อ ๒๗/๙ แห่งกฎกระทรวงกำหนดพัสดุและวิธีการจัดซื้อจัดจ้างพัสดุที่รัฐต้องการส่งเสริมหรือสนับสนุน พ.ศ. ๒๕๖๓

“หมวด ๗/๓  
พัสดุส่งเสริมดิจิทัล

ข้อ ๒๗/๗ ในหมวดนี้

“พัสดุส่งเสริมดิจิทัล” หมายความว่า โปรแกรมคอมพิวเตอร์ ซอฟต์แวร์ ฮาร์ดแวร์ อุปกรณ์อัจฉริยะ บริการด้านดิจิทัล เนื้อหาดิจิทัล (digital content) รวมถึงโปรแกรมหรือชุดคำสั่งที่ใช้สั่งงานให้คอมพิวเตอร์ทำงาน หรือตัวกลางที่นำพาผู้ใช้ให้เข้าไปถึงระบบต่าง ๆ ที่หลากหลายของอุปกรณ์ทำงานร่วมกัน และการให้บริการซอฟต์แวร์แบบคลาวด์ (cloud computing) โดยไม่ต้องติดตั้งซอฟต์แวร์ลงบนเครื่องคอมพิวเตอร์ (software as a service) รวมทั้งฮาร์ดแวร์และอุปกรณ์ที่มีระบบฝังตัวหรือสมองกลฝังตัว (embedded system) ที่มีระบบประมวลผลที่ใช้ชิปหรือไมโครโพรเซสเซอร์ที่ออกแบบมาโดยเฉพาะ ที่ได้รับการรับรองมาตรฐานด้านดิจิทัลตามที่สำนักงานส่งเสริมเศรษฐกิจดิจิทัลกำหนด

ข้อ ๒๗/๘ ให้พัสดุส่งเสริมดิจิทัลที่ได้ขึ้นทะเบียนในบัญชีบริการดิจิทัลของสำนักงานส่งเสริมเศรษฐกิจดิจิทัล เป็นพัสดุที่รัฐต้องการส่งเสริมหรือสนับสนุน

<!-- ===== page 2 ===== -->

ข้อ ๒๗/๙ วิธีการจัดซื้อจัดจ้างพัสดุส่งเสริมดิจิทัลตามข้อ ๒๗/๘ ให้ดำเนินการ ดังต่อไปนี้

(๑) หากพัสดุที่จะจัดซื้อจัดจ้างมีผู้ขายสินค้าหรือผู้ให้บริการเพียงรายเดียว ให้หน่วยงานของรัฐจัดซื้อจัดจ้างโดยวิธีเฉพาะเจาะจงจากผู้ขายหรือผู้ให้บริการโดยตรง

(๒) หากพัสดุที่จะจัดซื้อจัดจ้างมีผู้ขายสินค้าหรือผู้ให้บริการตั้งแต่สองรายขึ้นไป ให้หน่วยงานของรัฐจัดซื้อจัดจ้างโดยวิธีคัดเลือก

หากหน่วยงานของรัฐไม่ประสงค์จะจัดซื้อจัดจ้างโดยวิธีตาม (๑) หรือ (๒) จะใช้วิธีประกาศเชิญชวนทั่วไปก็ได้”

ข้อ ๒ ให้เพิ่มความต่อไปนี้เป็น (ข) ของ (๑) ของข้อ ๒๙ แห่งกฎกระทรวงกำหนดพัสดุและวิธีการจัดซื้อจัดจ้างพัสดุที่รัฐต้องการส่งเสริมหรือสนับสนุน พ.ศ. ๒๕๖๓

“(ข) สถาบันระหว่างประเทศเพื่อการค้าและการพัฒนา (องค์การมหาชน)”

ข้อ ๓ ให้ยกเลิกความในข้อ ๓๐ แห่งกฎกระทรวงกำหนดพัสดุและวิธีการจัดซื้อจัดจ้างพัสดุที่รัฐต้องการส่งเสริมหรือสนับสนุน พ.ศ. ๒๕๖๓ และให้ใช้ความต่อไปนี้แทน

“ข้อ ๓๐ ให้หน่วยงานของรัฐจัดจ้างที่ปรึกษาตามข้อ ๒๙ (๑) (ข) (ค) (ง) (จ) (ฉ) และ (ช) และ (๒) โดยวิธีเฉพาะเจาะจง หรือหากหน่วยงานของรัฐไม่ประสงค์จะจัดจ้างโดยวิธีเฉพาะเจาะจง หน่วยงานของรัฐจะใช้วิธีประกาศเชิญชวนทั่วไปหรือวิธีคัดเลือกก็ได้”

ให้ไว้ ณ วันที่ ๓๑ สิงหาคม พ.ศ. ๒๕๖๖

อาคม เดิมพิทยาไพสิฐ

รัฐมนตรีว่าการกระทรวงการคลัง

<!-- ===== page 3 ===== -->

หมายเหตุ :- เหตุผลในการประกาศใช้กฎกระทรวงฉบับนี้ คือ โดยที่เป็นการสมควรกำหนดให้พัสดุส่งเสริมดิจิทัลเป็นพัสดุที่รัฐต้องการส่งเสริมหรือสนับสนุน เพื่อให้มีการใช้สินค้าหรือบริการดิจิทัลของผู้ประกอบการดิจิทัลของประเทศไทยที่ได้ขึ้นทะเบียนในบัญชีบริการดิจิทัลของสำนักงานส่งเสริมเศรษฐกิจดิจิทัล รวมทั้งกำหนดให้สถาบันระหว่างประเทศเพื่อการค้าและการพัฒนา (องค์การมหาชน) เป็นที่ปรึกษาประเภทหน่วยงานของรัฐที่รัฐต้องการส่งเสริมหรือสนับสนุน จึงจำเป็นต้องออกกฎกระทรวงนี้",106.014,0.116859,
กฎกระทรวง/004_กฎกระทรวงกำหนดกรณีการจัดซื้อจัดจ้างพัสดุโดยวิธีเฉพาะเจาะจง (ฉ.pdf,กฎกระทรวงกำหนดกรณีการจัดซื้อจัดจ้างพัสดุโดยวิธีเฉพาะเจาะจง (ฉ," 
กฎกระทรวง 
ก ำหนดกรณีกำรจัดซื้อจัดจ้ำงพัสดุโดยวิธีเฉพำะเจำะจง  (ฉบับที่  ๓)   
พ.ศ.  ๒๕๖๔ 
 
 
อำศัยอ ำนำจตำมควำมในมำตรำ  ๕  วรรคหนึ่ง  และมำตรำ  ๕๖  วรรคหนึ่ง  (๒)  (ซ)   
แห่งพระรำชบัญญัติกำรจัดซื้อจัดจ้ำงและกำรบริหำรพัสดุภำครัฐ  พ.ศ.  ๒๕๖๐  รัฐมนตรีว่ำกำร 
กระทรวงกำรคลังออกกฎกระทรวงไว้  ดังต่อไปนี้ 
ให้ยกเลิกควำมใน  (๖)  ของข้อ  ๒  แห่งกฎกระทรวงก ำหนดกรณีกำรจัดซื้อจัดจ้ำงพัสดุ 
โดยวิธีเฉพำะเจำะจง  พ.ศ.  ๒๕๖๑  ซึ่งแก้ไขเพิ่มเติมโดยกฎกระทรวงก ำหนดกรณีกำรจัดซื้อจัดจ้ำงพัสดุ 
โดยวิธีเฉพำะเจำะจง  (ฉบับที่  ๒)  พ.ศ.  ๒๕๖๑  และให้ใช้ควำมต่อไปนี้แทน 
“(๖)  กำรจัดซื้อจัดจ้ำงพัสดุที่เกี่ยวกับกำรจัดประชุมผู้น ำเขตเศรษฐกิจเอเปคและกำรประชุม 
ที่เกี่ยวข้องทุกระดับ  รวมทั้งกำรเตรียมกำร  กำรประชำสัมพันธ์  หรือกำรอื่นใดที่เกี่ยวข้องกับ 
กำรเป็นเจ้ำภำพจัดกำรประชุมเอเปค” 
 
ให้ไว้  ณ  วันที่  7  ตุลำคม  พ.ศ.  ๒๕๖4 
อำคม  เติมพิทยำไพสิฐ 
รัฐมนตรีว่ำกำรกระทรวงกำรคลัง 
 
 
้หนา   ๑
่เลม   ๑๓๘   ตอนที่   ๗๐    ก
ราชกิจจานุเบกษา
๒๖   ตุลาคม   ๒๕๖๔
หมำยเหตุ  :-  เหตุผลในกำรประกำศใช้กฎกระทรวงฉบับนี้  คือ  โดยที่มำตรำ  ๕๖  วรรคหนึ่ง  (๒)  (ซ)   
แห่งพระรำชบัญญัติกำรจัดซื้อจัดจ้ำงและกำรบริหำรพัสดุภำครัฐ  พ.ศ.  ๒๕๖๐  บัญญัติให้กำรจัดซื้อจัดจ้ำง 
โดยวิธีเฉพำะเจำะจงกรณีอื่นให้เป็นไปตำมที่ก ำหนดในกฎกระทรวง  และเพื่อให้กำรจัดซื้อจัดจ้ำงพัสดุที่เกี่ยวกับ 
กำรจัดประชุมผู้น ำเขตเศรษฐกิจเอเปคและกำรประชุมที่เกี่ยวข้องทุกระดับ  รวมทั้งกำรเตรียมกำร   
กำรประชำสัมพันธ์  หรือกำรอื่นใดที่เกี่ยวข้อง  ส ำหรับกำรเป็นเจ้ำภำพจัดกำรประชุมเอเปคเป็นไปด้วยควำมเรียบร้อย   
สมควรก ำหนดให้กำรจัดซื้อจัดจ้ำงพัสดุกรณีดังกล่ำวกระท ำได้โดยวิธีเฉพำะเจำะจง  จึงจ ำเป็นต้องออกกฎกระทรวงนี้ 
้หนา   ๒
่เลม   ๑๓๘   ตอนที่   ๗๐    ก
ราชกิจจานุเบกษา
๒๖   ตุลาคม   ๒๕๖๔
","

<!-- ===== page 1 ===== -->

![Royal emblem of Thailand](fc9dad18d8f25fe7b76964ad6641d1c2_4_img.webp)

## กฎกระทรวง

กำหนดการณ์การจัดซื้อจัดจ้างพัสดุโดยวิธีเฉพาะเจาะจง (ฉบับที่ ๓)

พ.ศ. ๒๕๖๔

อาศัยอำนาจตามความในมาตรา ๕ วรรคหนึ่ง และมาตรา ๕๖ วรรคหนึ่ง (๒) (ข) แห่งพระราชบัญญัติการจัดซื้อจัดจ้างและการบริหารพัสดุภาครัฐ พ.ศ. ๒๕๖๐ รัฐมนตรีว่าการกระทรวงการคลังออกกฎกระทรวงไว้ ดังต่อไปนี้

ให้ยกเลิกความใน (๖) ของข้อ ๒ แห่งกฎกระทรวงกำหนดการณ์การจัดซื้อจัดจ้างพัสดุโดยวิธีเฉพาะเจาะจง พ.ศ. ๒๕๖๑ ซึ่งแก้ไขเพิ่มเติมโดยกฎกระทรวงกำหนดการณ์การจัดซื้อจัดจ้างพัสดุโดยวิธีเฉพาะเจาะจง (ฉบับที่ ๒) พ.ศ. ๒๕๖๑ และให้ใช้ความต่อไปนี้แทน

“(๖) การจัดซื้อจัดจ้างพัสดุที่เกี่ยวกับการจัดประชุมผู้นำเขตเศรษฐกิจเอเปคและการประชุมที่เกี่ยวข้องทุกระดับ รวมทั้งการเตรียมการ การประชาสัมพันธ์ หรือการอื่นใดที่เกี่ยวข้องกับการเป็นเจ้าภาพจัดการประชุมเอเปค”

ให้ไว้ ณ วันที่ ๗ ตุลาคม พ.ศ. ๒๕๖๔

อาคม เต็มพิทยาไพสิฐ

รัฐมนตรีว่าการกระทรวงการคลัง

<!-- ===== page 2 ===== -->

หมายเหตุ :- เหตุผลในการประกาศใช้กฎกระทรวงฉบับนี้ คือ โดยที่มาตรา ๕๖ วรรคหนึ่ง (๒) (ข) แห่งพระราชบัญญัติการจัดซื้อจัดจ้างและการบริหารพัสดุภาครัฐ พ.ศ. ๒๕๖๐ บัญญัติให้การจัดซื้อจัดจ้างโดยวิธีเฉพาะเจาะจงกรณีอื่นให้เป็นไปตามที่กำหนดในกฎกระทรวง และเพื่อให้การจัดซื้อจัดจ้างพัสดุที่เกี่ยวกับการจัดประชุมผู้นำเขตเศรษฐกิจเอเปคและการประชุมที่เกี่ยวข้องทุกระดับ รวมทั้งการเตรียมการการประชุมสัมพันธ์ หรือการอื่นใดที่เกี่ยวข้อง สำหรับการเป็นเจ้าภาพจัดการประชุมเอเปคเป็นไปด้วยความเรียบร้อยสมควรกำหนดให้การจัดซื้อจัดจ้างพัสดุกรณีดังกล่าวกระทำได้โดยวิธีเฉพาะเจาะจง จึงจำเป็นต้องออกกฎกระทรวงนี้",55.547,0.155482,
กฎกระทรวง/005_กฎกระทรวงกำหนดพัสดุและวิธีการจัดซื้อจัดจ้างพัสดุที่รัฐต้องกา.pdf,กฎกระทรวงกำหนดพัสดุและวิธีการจัดซื้อจัดจ้างพัสดุที่รัฐต้องกา," 
กฎกระทรวง 
ก ำหนดพัสดุและวิธีกำรจัดซื้อจัดจ้ำงพัสดุที่รัฐต้องกำรส่งเสริมหรือสนับสนุน  (ฉบับที่  3) 
พ.ศ.  2564 
 
 
อำศัยอ ำนำจตำมควำมในมำตรำ  ๕  วรรคหนึ่ง  มำตรำ  ๕๖  วรรคหนึ่ง  (๑)  (ซ)  (๒)  (ซ)   
และวรรคสอง  มำตรำ  ๖๕  วรรคสอง  และมำตรำ  ๗๕  วรรคสอง  แห่งพระรำชบัญญัติกำรจัดซื้อจัดจ้ำง 
และกำรบริหำรพัสดุภำครัฐ  พ.ศ.  ๒๕๖๐  รัฐมนตรีว่ำกำรกระทรวงกำรคลังออกกฎกระทรวงไว้   
ดังต่อไปนี้ 
ข้อ ๑ ให้ยกเลิกควำมในข้อ  ๕  แห่งกฎกระทรวงก ำหนดพัสดุและวิธีกำรจัดซื้อจัดจ้ำงพัสดุ 
ที่รัฐต้องกำรส่งเสริมหรือสนับสนุน  พ.ศ.  ๒๕๖๓  ซึ่งแก้ไขเพิ่มเติมโดยกฎกระทรวงก ำหนดพัสดุ 
และวิธีกำรจัดซื้อจัดจ้ำงพัสดุที่รัฐต้องกำรส่งเสริมหรือสนับสนุน  (ฉบับที่  ๒)  พ.ศ.  ๒๕๖๓  และให้ใช้ 
ควำมต่อไปนี้แทน 
“ข้อ  ๕  ในหมวดนี้ 
“พัสดุส่งเสริมวิสำหกิจและกำรประกอบอำชีพ”  หมำยควำมว่ำ  ผลิตผล  ชิ้นงำน  หรือบริกำร
ที่ผลิตหรือจัดท ำขึ้น  เพื่อส่งเสริมผู้ประกอบธุรกิจเริ่มต้นของประเทศไทย  หรือพัฒนำขีดควำมสำมำรถ
ด้ำนเทคโนโลยี  อุตสำหกรรม  สินค้ำหรือบริกำรของผู้ประกอบวิสำหกิจขนำดกลำงและขนำดย่อม  
วิสำหกิจชุมชน  วิสำหกิจเพื่อสังคม  กลุ่มอำชีพที่อยู่ในกำรก ำกับดูแลของหน่วยงำนของรัฐหรือ 
ที่หน่วยงำนของรัฐรับรอง  หรือกลุ่มอำชีพอื่นที่มีลักษณะเช่นเดียวกัน  หรือองค์กรเพื่อคนพิกำรหรือ 
องค์กรของคนพิกำรที่ได้รับกำรรับรองจำกหน่วยงำนของรัฐ” 
ข้อ ๒ ให้เพิ่มควำมต่อไปนี้เป็น  (๗)  ของข้อ  ๖  แห่งกฎกระทรวงก ำหนดพัสดุและวิธีกำร
จัดซื้อจัดจ้ำงพัสดุที่รัฐต้องกำรส่งเสริมหรือสนับสนุน  พ.ศ.  ๒๕๖๓  ซึ่งแก้ไขเพิ่มเติมโดยกฎกระทรวง
ก ำหนดพัสดุและวิธีกำรจัดซื้อจัดจ้ำงพัสดุที่รัฐต้องกำรส่งเสริมหรือสนับสนุน  (ฉบับที่  ๒)  พ.ศ.  ๒๕๖๓  
ดังต่อไปนี้ 
“(๗)  ผลิตผล  ชิ้นงำน  หรือบริกำรที่ผลิตหรือจัดท ำขึ้นจำกวิสำหกิจเพื่อสังคม  ที่ได้จดทะเบียน
ตำมพระรำชบัญญัติส่งเสริมวิสำหกิจเพื่อสังคม  พ.ศ.  ๒๕๖๒” 
้หนา   ๑
่เลม   ๑๓๘   ตอนที่   ๖๘    ก
ราชกิจจานุเบกษา
๑๔   ตุลาคม   ๒๕๖๔
ข้อ ๓ ให้ยกเลิกควำมใน  (๑)  ของข้อ  ๗  แห่งกฎกระทรวงก ำหนดพัสดุและวิธีกำรจัดซื้อ
จัดจ้ำงพัสดุที่รัฐต้องกำรส่งเสริมหรือสนับสนุน  พ.ศ.  ๒๕๖๓  ซึ่งแก้ไขเพิ่มเติมโดยกฎกระทรวงก ำหนด
พัสดุและวิธีกำรจัดซื้อจัดจ้ำงพัสดุที่รัฐต้องกำรส่งเสริมหรือสนับสนุน  (ฉบับที่  ๒)  พ.ศ.  ๒๕๖๓  และ 
ให้ใช้ควำมต่อไปนี้แทน 
“(๑)  ให้หน่วยงำนของรัฐจัดซื้อจัดจ้ำงพัสดุตำมข้อ  ๖  (๑)  (๒)  (๓)  (๔)  (๕)  หรือ  (๗)   
โดยวิธีเฉพำะเจำะจง  หรือหำกหน่วยงำนของรัฐไม่ประสงค์จะจัดซื้อจัดจ้ำงโดยวิธีเฉพำะเจำะจง  
หน่วยงำนของรัฐจะใช้วิธีประกำศเชิญชวนทั่วไปหรือวิธีคัดเลือกก็ได้” 
ข้อ ๔ ให้ยกเลิกควำมใน  (๗)  ของข้อ  ๙  แห่งกฎกระทรวงก ำหนดพัสดุและวิธีกำร 
จัดซื้อจัดจ้ำงพัสดุที่รัฐต้องกำรส่งเสริมหรือสนับสนุน  พ.ศ.  ๒๕๖๓  และให้ใช้ควำมต่อไปนี้แทน 
“(๗)  งำนจ้ำงซ่อมอำกำศยำนและวัสดุอุปกรณ์อำกำศยำน  งำนจัดจ้ำงผลิตอำกำศยำน   
อำกำศยำนไร้คนขับ  ดำวเทียม  และอุปกรณ์  รวมถึงระบบที่เกี่ยวข้องกับอำกำศยำนอวกำศ  หรือ 
ยำนอวกำศ  ตลอดจนระบบบริหำรคลังพัสดุ  ระบบคลังอำวุธ  และระบบควำมมั่นคงปลอดภัยทำงไซเบอร์ 
ของบริษัท  อุตสำหกรรมกำรบิน  จ ำกัด” 
ข้อ ๕ ให้ยกเลิกควำมใน  (๕)  ของข้อ  ๑๐  แห่งกฎกระทรวงก ำหนดพัสดุและวิธีกำร 
จัดซื้อจัดจ้ำงพัสดุที่รัฐต้องกำรส่งเสริมหรือสนับสนุน  พ.ศ.  ๒๕๖๓  และให้ใช้ควำมต่อไปนี้แทน 
“(๕)  ให้หน่วยงำนของรัฐจัดจ้ำงงำนตำมข้อ  ๙  (๗)  โดยวิธีเฉพำะเจำะจง  หรือหำกหน่วยงำน
ของรัฐไม่ประสงค์จะจัดจ้ำงโดยวิธีเฉพำะเจำะจง  หน่วยงำนของรัฐจะใช้วิธีประกำศเชิญชวนทั่วไปหรือ 
วิธีคัดเลือกก็ได้” 
ข้อ ๖ ให้ยกเลิกควำมใน  (๓)  ของข้อ  ๒๓  แห่งกฎกระทรวงก ำหนดพัสดุและวิธีกำร 
จัดซื้อจัดจ้ำงพัสดุที่รัฐต้องกำรส่งเสริมหรือสนับสนุน  พ.ศ.  ๒๕๖๓  และให้ใช้ควำมต่อไปนี้แทน 
“(๓)  งำนจ้ำงบริกำรเกี่ยวกับไฟฟ้ำและประปำของกำรไฟฟ้ำฝ่ำยผลิตแห่งประเทศไทย   
กำรไฟฟ้ำนครหลวง  กำรไฟฟ้ำส่วนภูมิภำค  กำรประปำนครหลวง  และกำรประปำส่วนภูมิภำค” 
ข้อ ๗ ให้ยกเลิกควำมในข้อ  ๒๖  แห่งกฎกระทรวงก ำหนดพัสดุและวิธีกำรจัดซื้อจัดจ้ำง 
พัสดุที่รัฐต้องกำรส่งเสริมหรือสนับสนุน  พ.ศ.  ๒๕๖๓  และให้ใช้ควำมต่อไปนี้แทน 
“ข้อ  ๒๖  ให้พัสดุส่งเสริมควำมมั่นคงด้ำนควำมปลอดภัยทำงอำหำรและสินค้ำเกษตรดังต่อไปนี้  
เป็นพัสดุที่รัฐต้องกำรส่งเสริมหรือสนับสนุน 
(๑) บริษัท  ห้องปฏิบัติกำรกลำง  (ประเทศไทย)  จ ำกัด   
(๒) อุตสำหกรรมพัฒนำมูลนิธิ” 
้หนา   ๒
่เลม   ๑๓๘   ตอนที่   ๖๘    ก
ราชกิจจานุเบกษา
๑๔   ตุลาคม   ๒๕๖๔
ข้อ ๘ ให้ยกเลิกควำมใน  (๒)  ของข้อ  ๒๙  แห่งกฎกระทรวงก ำหนดพัสดุและวิธีกำร 
จัดซื้อจัดจ้ำงพัสดุที่รัฐต้องกำรส่งเสริมหรือสนับสนุน  พ.ศ.  ๒๕๖๓  และให้ใช้ควำมต่อไปนี้แทน 
“(๒) ที่ปรึกษำที่มิใช่หน่วยงำนของรัฐ  ได้แก่ 
 
(ก) มูลนิธิพัฒนำประสิทธิภำพในรำชกำร  โดยสถำบันที่ปรึกษำเพื่อพัฒนำประสิทธิภำพ 
ในรำชกำร 
 
(ข) สถำบันวิจัยจุฬำภรณ์ 
 
(ค) อุตสำหกรรมพัฒนำมูลนิธิ 
 
(ง) มูลนิธิเพื่อสถำบันเพิ่มผลผลิตแห่งชำติ 
 
(จ) มูลนิธิเพื่อสถำบันพัฒนำวิสำหกิจขนำดกลำงและขนำดย่อม” 
 
ให้ไว้  ณ  วันที่  29  กันยำยน  พ.ศ.  ๒๕๖4 
อำคม  เติมพิทยำไพสิฐ 
รัฐมนตรีว่ำกำรกระทรวงกำรคลัง 
 
 
้หนา   ๓
่เลม   ๑๓๘   ตอนที่   ๖๘    ก
ราชกิจจานุเบกษา
๑๔   ตุลาคม   ๒๕๖๔
หมำยเหตุ  :-  เหตุผลในกำรประกำศใช้กฎกระทรวงฉบับนี้  คือ  โดยที่เป็นกำรสมควรแก้ไขเพิ่มเติมกฎกระทรวง
ก ำหนดพัสดุและวิธีกำรจัดซื้อจัดจ้ำงพัสดุที่รัฐต้องกำรส่งเสริมหรือสนับสนุน  พ.ศ.  ๒๕๖๓  เพื่อก ำหนดให้ 
พัสดุที่รัฐต้องกำรส่งเสริมหรือสนับสนุนครอบคลุมถึงผลิตผล  ชิ้นงำน  หรือบริกำรที่ผลิตหรือจัดท ำขึ้นจำก
วิสำหกิจเพื่อสังคม  งำนจ้ำงซ่อมและงำนจัดจ้ำงผลิตที่เกี่ยวข้องกับอำกำศยำนหรือยำนอวกำศของบริษัท  
อุตสำหกรรมกำรบิน  จ ำกัด  งำนจ้ำงบริกำรเกี่ยวกับกำรไฟฟ้ำของกำรไฟฟ้ำฝ่ำยผลิตแห่งประเทศไทย   
และพัสดุส่งเสริมควำมมั่นคงปลอดภัยทำงอำหำรและสินค้ำเกษตรจำกอุตสำหกรรมพัฒนำมูลนิธิ  รวมทั้ง 
เพื่อแก้ไขเพิ่มเติมที่ปรึกษำที่รัฐต้องกำรส่งเสริมหรือสนับสนุนให้ครอบคลุมถึงอุตสำหกรรมพัฒนำมูลนิธิ  มูลนิธิ 
เพื่อสถำบันเพิ่มผลผลิตแห่งชำติ  และมูลนิธิเพื่อสถำบันพัฒนำวิสำหกิจขนำดกลำงและขนำดย่อม   
จึงจ ำเป็นต้องออกกฎกระทรวงนี้ 
้หนา   ๔
่เลม   ๑๓๘   ตอนที่   ๖๘    ก
ราชกิจจานุเบกษา
๑๔   ตุลาคม   ๒๕๖๔
","

<!-- ===== page 1 ===== -->

![Royal emblem of Thailand](916778d3ccc7d33ec6683db6fa318a06_4_img.webp)

## กฎกระทรวง

กำหนดพัสดุและวิธีการจัดซื้อจัดจ้างพัสดุที่รัฐต้องการส่งเสริมหรือสนับสนุน (ฉบับที่ ๓)

พ.ศ. ๒๕๖๔

อาศัยอำนาจตามความในมาตรา ๕ วรรคหนึ่ง มาตรา ๕๖ วรรคหนึ่ง (๑) (ข) (๒) (๓) และวรรคสอง มาตรา ๖๕ วรรคสอง และมาตรา ๗๕ วรรคสอง แห่งพระราชบัญญัติการจัดซื้อจัดจ้างและการบริหารพัสดุภาครัฐ พ.ศ. ๒๕๖๐ รัฐมนตรีว่าการกระทรวงการคลังออกกฎกระทรวงไว้ดังต่อไปนี้

ข้อ ๑ ให้ยกเลิกความในข้อ ๕ แห่งกฎกระทรวงกำหนดพัสดุและวิธีการจัดซื้อจัดจ้างพัสดุที่รัฐต้องการส่งเสริมหรือสนับสนุน พ.ศ. ๒๕๖๓ ซึ่งแก้ไขเพิ่มเติมโดยกฎกระทรวงกำหนดพัสดุและวิธีการจัดซื้อจัดจ้างพัสดุที่รัฐต้องการส่งเสริมหรือสนับสนุน (ฉบับที่ ๒) พ.ศ. ๒๕๖๓ และให้ใช้ความต่อไปนี้แทน

“ข้อ ๕ ในหมวดนี้

“พัสดุส่งเสริมวิสาหกิจและการประกอบอาชีพ” หมายความว่า ผลิตผล ชิ้นงาน หรือบริการที่ผลิตหรือจัดทำขึ้น เพื่อส่งเสริมผู้ประกอบการเริ่มต้นของประเทศไทย หรือพัฒนาขีดความสามารถด้านเทคโนโลยี อุตสาหกรรม สินค้าหรือบริการของผู้ประกอบการวิสาหกิจขนาดกลางและขนาดย่อม วิสาหกิจชุมชน วิสาหกิจเพื่อสังคม กลุ่มอาชีพที่อยู่ในการกำกับดูแลของหน่วยงานของรัฐหรือที่หน่วยงานของรัฐรับรอง หรือกลุ่มอาชีพอื่นที่มีลักษณะเช่นเดียวกัน หรือองค์กรเพื่อคนพิการหรือองค์กรของคนพิการที่ได้รับการรับรองจากหน่วยงานของรัฐ”

ข้อ ๒ ให้เพิ่มความต่อไปนี้เป็น (๗) ของข้อ ๖ แห่งกฎกระทรวงกำหนดพัสดุและวิธีการจัดซื้อจัดจ้างพัสดุที่รัฐต้องการส่งเสริมหรือสนับสนุน พ.ศ. ๒๕๖๓ ซึ่งแก้ไขเพิ่มเติมโดยกฎกระทรวงกำหนดพัสดุและวิธีการจัดซื้อจัดจ้างพัสดุที่รัฐต้องการส่งเสริมหรือสนับสนุน (ฉบับที่ ๒) พ.ศ. ๒๕๖๓ ดังต่อไปนี้

“(๗) ผลิตผล ชิ้นงาน หรือบริการที่ผลิตหรือจัดทำขึ้นจากวิสาหกิจเพื่อสังคม ที่ได้จดทะเบียนตามพระราชบัญญัติส่งเสริมวิสาหกิจเพื่อสังคม พ.ศ. ๒๕๖๒”

<!-- ===== page 2 ===== -->

ข้อ ๓ ให้ยกเลิกความใน (๑) ของข้อ ๗ แห่งกฎกระทรวงกำหนดพัสดุและวิธีการจัดซื้อจัดจ้างพัสดุที่รัฐต้องการส่งเสริมหรือสนับสนุน พ.ศ. ๒๕๖๓ ซึ่งแก้ไขเพิ่มเติมโดยกฎกระทรวงกำหนดพัสดุและวิธีการจัดซื้อจัดจ้างพัสดุที่รัฐต้องการส่งเสริมหรือสนับสนุน (ฉบับที่ ๒) พ.ศ. ๒๕๖๓ และให้ใช้ความต่อไปนี้แทน

“(๑) ให้หน่วยงานของรัฐจัดซื้อจัดจ้างพัสดุตามข้อ ๖ (๑) (๒) (๓) (๔) (๕) หรือ (๗) โดยวิธีเฉพาะเจาะจง หรือหากหน่วยงานของรัฐไม่ประสงค์จะจัดซื้อจัดจ้างโดยวิธีเฉพาะเจาะจง หน่วยงานของรัฐจะใช้วิธีประกาศเชิญชวนทั่วไปหรือวิธีคัดเลือกก็ได้”

ข้อ ๔ ให้ยกเลิกความใน (๗) ของข้อ ๙ แห่งกฎกระทรวงกำหนดพัสดุและวิธีการจัดซื้อจัดจ้างพัสดุที่รัฐต้องการส่งเสริมหรือสนับสนุน พ.ศ. ๒๕๖๓ และให้ใช้ความต่อไปนี้แทน

“(๗) งานจ้างซ่อมอากาศยานและวัสดุอุปกรณ์อากาศยาน งานจัดจ้างผลิตอากาศยาน อากาศยานไร้คนขับ ดาวเทียม และอุปกรณ์ รวมถึงระบบที่เกี่ยวข้องกับอากาศยานอวกาศ หรือยานอวกาศ ตลอดจนระบบบริหารคลังพัสดุ ระบบคลังอาวุธ และระบบความมั่นคงปลอดภัยทางไซเบอร์ของบริษัท อุตสาหกรรมการบิน จำกัด”

ข้อ ๕ ให้ยกเลิกความใน (๕) ของข้อ ๑๐ แห่งกฎกระทรวงกำหนดพัสดุและวิธีการจัดซื้อจัดจ้างพัสดุที่รัฐต้องการส่งเสริมหรือสนับสนุน พ.ศ. ๒๕๖๓ และให้ใช้ความต่อไปนี้แทน

“(๕) ให้หน่วยงานของรัฐจัดจ้างงานตามข้อ ๙ (๗) โดยวิธีเฉพาะเจาะจง หรือหากหน่วยงานของรัฐไม่ประสงค์จะจัดจ้างโดยวิธีเฉพาะเจาะจง หน่วยงานของรัฐจะใช้วิธีประกาศเชิญชวนทั่วไปหรือวิธีคัดเลือกก็ได้”

ข้อ ๖ ให้ยกเลิกความใน (๓) ของข้อ ๒๓ แห่งกฎกระทรวงกำหนดพัสดุและวิธีการจัดซื้อจัดจ้างพัสดุที่รัฐต้องการส่งเสริมหรือสนับสนุน พ.ศ. ๒๕๖๓ และให้ใช้ความต่อไปนี้แทน

“(๓) งานจ้างบริการเกี่ยวกับไฟฟ้าและประปาของการไฟฟ้าฝ่ายผลิตแห่งประเทศไทย การไฟฟ้านครหลวง การไฟฟ้าส่วนภูมิภาค การประปานครหลวง และการประปาส่วนภูมิภาค”

ข้อ ๗ ให้ยกเลิกความในข้อ ๒๖ แห่งกฎกระทรวงกำหนดพัสดุและวิธีการจัดซื้อจัดจ้างพัสดุที่รัฐต้องการส่งเสริมหรือสนับสนุน พ.ศ. ๒๕๖๓ และให้ใช้ความต่อไปนี้แทน

“ข้อ ๒๖ ให้พัสดุส่งเสริมความมั่นคงด้านความปลอดภัยทางอาหารและสินค้าเกษตรดังต่อไปนี้ เป็นพัสดุที่รัฐต้องการส่งเสริมหรือสนับสนุน

1. (๑) บริษัท ห้องปฏิบัติการกลาง (ประเทศไทย) จำกัด
2. (๒) อุตสาหกรรมพัฒนามูลนิธิ”

<!-- ===== page 3 ===== -->

ข้อ ๘ ให้ยกเลิกความใน (๒) ของข้อ ๒๙ แห่งกฎกระทรวงกำหนดวัสดุและวิธีการ  
จัดซื้อจัดจ้างพัสดุที่รัฐต้องการส่งเสริมหรือสนับสนุน พ.ศ. ๒๕๖๓ และให้ใช้ความต่อไปนี้แทน

“(๒) ที่ปรึกษาที่มีหน่วยงานของรัฐ ได้แก่

(ก) มุสนิธิพัฒนาประสิทธิภาพในราชการ โดยสถาบันที่ปรึกษาเพื่อพัฒนาประสิทธิภาพ  
ในราชการ

(ข) สถาบันวิจัยจุฬาภรณ์

(ค) อุตสาหกรรมพัฒนามุสนิธิ

(ง) มุสนิธิเพื่อสถาบันเพิ่มผลผลิตแห่งชาติ

(จ) มุสนิธิเพื่อสถาบันพัฒนาวิสาหกิจขนาดกลางและขนาดย่อม”

ให้ไว้ ณ วันที่ ๒๙ กันยายน พ.ศ. ๒๕๖๔

อาคม เต็มพิทยาไพสิฐ

รัฐมนตรีว่าการกระทรวงการคลัง

<!-- ===== page 4 ===== -->

หมายเหตุ :- เหตุผลในการประกาศใช้กฎกระทรวงฉบับนี้ คือ โดยที่เป็นการสมควรแก้ไขเพิ่มเติมกฎกระทรวงกำหนดพันธุ์และวิธีการจัดซื้อจัดจ้างพันธุ์ที่รัฐต้องการส่งเสริมหรือสนับสนุน พ.ศ. ๒๕๖๓ เพื่อกำหนดให้พันธุ์ที่รัฐต้องการส่งเสริมหรือสนับสนุนครอบคลุมถึงผลผลิต ชีวงาน หรือบริการที่ผลิตหรือจัดทำขึ้นจากวิสาหกิจเพื่อสังคม งานจ้างซ่อมและงานจัดจ้างผลิตที่เกี่ยวข้องกับอากาศยานหรือยานอวกาศของบริษัทอุตสาหกรรมการบิน จำกัด งานจ้างบริการเกี่ยวกับการไฟฟ้าของการไฟฟ้าฝ่ายผลิตแห่งประเทศไทย และพันธุ์ส่งเสริมความมั่นคงปลอดภัยทางอาหารและสินค้าเกษตรจากอุตสาหกรรมพัฒนามูลนิธิ รวมทั้งเพื่อแก้ไขเพิ่มเติมที่ปรึกษาที่รัฐต้องการส่งเสริมหรือสนับสนุนให้ครอบคลุมถึงอุตสาหกรรมพัฒนามูลนิธิ มูลนิธิเพื่อสถาบันเพิ่มผลผลิตแห่งชาติ และมูลนิธิเพื่อสถาบันพัฒนาวิสาหกิจขนาดกลางและขนาดย่อม จึงจำเป็นต้องออกกฎกระทรวงนี้",156.205,0.121464,
กฎกระทรวง/006_กฎกระทรวงกำหนดพัสดุและวิธีการจัดซื้อจัดจ้างพัสดุที่รัฐต้องกา.pdf,กฎกระทรวงกำหนดพัสดุและวิธีการจัดซื้อจัดจ้างพัสดุที่รัฐต้องกา," 
กฎกระทรวง 
ก ำหนดพัสดุและวิธีกำรจัดซื้อจัดจ้ำงพัสดุที่รัฐต้องกำรส่งเสริมหรือสนับสนุน  (ฉบับที่  2) 
พ.ศ.  2563 
 
 
อำศัยอ ำนำจตำมควำมในมำตรำ  ๕  วรรคหนึ่ง  มำตรำ  ๕๖  วรรคหนึ่ง  (๑)  (ซ)  (๒)  (ซ)   
และวรรคสอง  มำตรำ  ๖๕  วรรคสอง  และมำตรำ  ๗๕  วรรคสอง  แห่งพระรำชบัญญัติกำรจัดซื้อจัดจ้ำง 
และกำรบริหำรพัสดุภำครัฐ  พ.ศ.  ๒๕๖๐  รัฐมนตรีว่ำกำรกระทรวงกำรคลังออกกฎกระทรวงไว้   
ดังต่อไปนี้ 
ข้อ ๑ ให้ยกเลิกชื่อหมวด  ๒  พัสดุส่งเสริมวิสำหกิจและกำรประกอบอำชีพและพัสดุส่งเสริม 
ผู้ด้อยโอกำส  และควำมในข้อ  ๕  ข้อ  ๖  และข้อ  ๗  แห่งกฎกระทรวงก ำหนดพัสดุและวิธีกำรจัดซื้อจัดจ้ำง 
พัสดุที่รัฐต้องกำรส่งเสริมหรือสนับสนุน  พ.ศ.  ๒๕๖๓  และให้ใช้ควำมต่อไปนี้แทน 
“หมวด  ๒ 
พัสดุส่งเสริมวิสำหกิจและกำรประกอบอำชีพ 
 
 
ข้อ ๕ ในหมวดนี้ 
“พัสดุส่งเสริมวิสำหกิจและกำรประกอบอำชีพ”  หมำยควำมว่ำ  ผลิตผล  ชิ้นงำน  หรือบริกำร
ที่ผลิตหรือจัดท ำขึ้น  เพื่อส่งเสริมผู้ประกอบธุรกิจเริ่มต้นของประเทศไทย  หรือพัฒนำขีดควำมสำมำรถ
ด้ำนเทคโนโลยี  อุตสำหกรรม  หรือสินค้ำหรือบริกำรของผู้ประกอบวิสำหกิจขนำดกลำงและขนำดย่อม  
วิสำหกิจชุมชน  กลุ่มอำชีพที่อยู่ในกำรก ำกับดูแลของหน่วยงำนของรัฐหรือที่หน่วยงำนของรัฐรับรอง 
หรือกลุ่มอำชีพอื่นที่มีลักษณะเดียวกัน  หรือองค์กรหรือมูลนิธิเพื่อคนพิกำรหรือองค์กำรสงเครำะห์ที่ได้รับ
กำรรับรองจำกหน่วยงำนของรัฐ   
ข้อ ๖ ให้พัสดุส่งเสริมวิสำหกิจและกำรประกอบอำชีพดังต่อไปนี้  เป็นพัสดุที่รัฐต้องกำรส่งเสริม 
หรือสนับสนุน 
(๑) ผลิตภัณฑ์ของกลุ่มอำชีพในหมู่บ้ำนและต ำบลที่มีลักษณะ  ดังต่อไปนี้ 
 
(ก) เป็นบุคคลซึ่งอยู่ในชุมชนพื้นที่นั้นรวมตัวกันเป็นกลุ่มตั้งแต่ห้ำคนขึ้นไป  ประกอบอำชีพ 
เพื่อเสริมสร้ำงรำยได้และคุณภำพชีวิตในพื้นที่หมู่บ้ำนและต ำบลนั้น 
้หนา   ๑
่เลม   ๑๓๗   ตอนที่   ๑๐๔    ก
ราชกิจจานุเบกษา
๒๒   ธันวาคม   ๒๕๖๓
 
(ข) มีกำรบริหำรจัดกำรกลุ่มและมีกำรท ำกิจกรรมของกลุ่มอย่ำงต่อเนื่อง  รวมทั้ง 
มีทรัพย์สินหรือเงินทุนของกลุ่มเพื่อด ำเนินกิจกำรร่วมกัน 
 
(ค) สมำชิกของกลุ่มต้องมีควำมรู้  ควำมสำมำรถ  และมีควำมพร้อมที่จะพัฒนำศักยภำพ
ในกำรผลิตงำนที่รับมำท ำและงำนที่รับมำท ำนั้นต้องด ำเนินกำรโดยสมำชิกในกลุ่ม   
 
(ง) มีกำรรับรองกำรด ำเนินงำนของกลุ่มหรือจดทะเบียนกลุ่มโดยหน่วยงำนของรัฐ 
ที่มีหน้ำที่ตำมกฎหมำยเกี่ยวกับกำรส่งเสริมกำรรวมกลุ่มเพื่อประกอบอำชีพ 
(๒) ผลิตภัณฑ์ของร้ำนค้ำสหกรณ์หรือสถำบันเกษตรกรที่กระทรวงเกษตรและสหกรณ์รับรอง 
(๓) ผลิตภัณฑ์ที่ผลิตขึ้นเองหรืองำนจ้ำงให้บริกำรรักษำควำมปลอดภัยขององค์กำรสงเครำะห์
ทหำรผ่ำนศึก  ในพระบรมรำชูปถัมภ์ 
(๔) ผลิตภัณฑ์ที่ผลิตขึ้นเองหรือบริกำรขององค์กรหรือมูลนิธิเพื่อคนพิกำรที่ได้รับกำรรับรอง
จำกหน่วยงำนของรัฐที่มีหน้ำที่ตำมกฎหมำย  ได้แก่  สถำนสงเครำะห์คนพิกำรและทุพพลภำพ  
โรงพยำบำลศรีธัญญำ  สถำนพยำบำลพระประแดง  โรงเรียนสอนคนตำบอด  ศูนย์ฝึกอำชีพคนตำบอด  
โรงเรียนสอนคนหูหนวก  มูลนิธิอนุเครำะห์คนหูหนวก  มูลนิธิอนุเครำะห์คนพิกำร  มูลนิธิพระมหำไถ่ 
เพื่อกำรพัฒนำคนพิกำร  หรือองค์กรหรือมูลนิธิเพื่อคนพิกำรอื่นที่มีลักษณะเดียวกัน   
(๕) ผลิตภัณฑ์จำกเรือนจ ำ  สถำนกักกัน  หรือสถำนกักขัง  รวมถึงงำนก่อสร้ำง  งำนรับจ้ำง  
งำนบริกำร  หรืองำนใด ๆ  ที่ใช้ฝีมือแรงงำนของผู้ถูกคุมขัง  และผลิตภัณฑ์จำกร้ำนจ ำหน่ำยของ 
กรมรำชทัณฑ์ 
(๖) ผลิตผล  ชิ้นงำน  หรือบริกำรที่ผลิต  จัดท ำขึ้น  จ ำหน่ำย  หรือให้บริกำรโดยผู้ประกอบ 
วิสำหกิจขนำดกลำงและขนำดย่อมที่ได้ขึ้นบัญชีรำยกำรพัสดุและบัญชีรำยชื่อผู้ประกอบวิสำหกิจ 
ขนำดกลำงและขนำดย่อมไว้กับส ำนักงำนส่งเสริมวิสำหกิจขนำดกลำงและขนำดย่อม 
ข้อ ๗ วิธีกำรจัดซื้อจัดจ้ำงพัสดุส่งเสริมวิสำหกิจและกำรประกอบอำชีพตำมข้อ  ๖   
ให้ด ำเนินกำร  ดังต่อไปนี้ 
(๑) ให้หน่วยงำนของรัฐจัดซื้อจัดจ้ำงพัสดุตำมข้อ  ๖  (๑)  (๒)  (๓)  (๔)  และ  (๕)  โดยวิธี
เฉพำะเจำะจง  หรือหำกหน่วยงำนของรัฐไม่ประสงค์จะจัดซื้อจัดจ้ำงโดยวิธีเฉพำะเจำะจง  หน่วยงำน 
ของรัฐจะใช้วิธีประกำศเชิญชวนทั่วไปหรือวิธีคัดเลือกก็ได้ 
(๒) ให้หน่วยงำนของรัฐจัดซื้อจัดจ้ำงพัสดุตำมข้อ  ๖  (๖)  ดังต่อไปนี้ 
 
(ก) ให้หน่วยงำนของรัฐจัดซื้อจัดจ้ำงพัสดุจำกผู้ประกอบวิสำหกิจขนำดกลำงและขนำดย่อม 
ซึ่งได้ขึ้นบัญชีรำยกำรพัสดุและบัญชีรำยชื่อผู้ประกอบวิสำหกิจขนำดกลำงและขนำดย่อมไว้กับ 
ส ำนักงำนส่งเสริมวิสำหกิจขนำดกลำงและขนำดย่อม  โดยให้ใช้เงินงบประมำณจัดซื้อจัดจ้ำงพัสดุดังกล่ำว 
ไม่น้อยกว่ำร้อยละสำมสิบของงบประมำณส ำหรับกำรจัดซื้อจัดจ้ำงพัสดุที่อยู่ในบัญชีรำยกำรพัสดุ 
และบัญชีรำยชื่อผู้ประกอบวิสำหกิจขนำดกลำงและขนำดย่อม  โดยด ำเนินกำร  ดังต่อไปนี้   
้หนา   ๒
่เลม   ๑๓๗   ตอนที่   ๑๐๔    ก
ราชกิจจานุเบกษา
๒๒   ธันวาคม   ๒๕๖๓
 
 
๑) ในกรณีที่หน่วยงำนของรัฐอยู่ในจังหวัดที่มีผู้ประกอบวิสำหกิจขนำดกลำง 
และขนำดย่อมซึ่งได้ขึ้นบัญชีรำยชื่อไว้กับส ำนักงำนส่งเสริมวิสำหกิจขนำดกลำงและขนำดย่อมส ำหรับ
จังหวัดนั้นไม่น้อยกว่ำสำมรำย  และมีก ำลังกำรผลิตหรือส่งมอบได้ตำมควำมต้องกำรของหน่วยงำนของรัฐ  
ให้หน่วยงำนของรัฐจัดซื้อจัดจ้ำงโดยวิธีคัดเลือกจำกผู้ประกอบวิสำหกิจขนำดกลำงและขนำดย่อม 
ซึ่งได้ขึ้นบัญชีรำยชื่อไว้กับส ำนักงำนส่งเสริมวิสำหกิจขนำดกลำงและขนำดย่อมส ำหรับจังหวัดนั้น 
 
 
๒) ในกรณีที่หน่วยงำนของรัฐอยู่ในจังหวัดที่มีผู้ประกอบวิสำหกิจขนำดกลำงและ
ขนำดย่อมซึ่งได้ขึ้นบัญชีรำยชื่อไว้กับส ำนักงำนส่งเสริมวิสำหกิจขนำดกลำงและขนำดย่อมส ำหรับจังหวัดนั้น 
น้อยกว่ำสำมรำย  ให้หน่วยงำนของรัฐจัดซื้อจัดจ้ำงโดยวิธีคัดเลือกจำกผู้ประกอบวิสำหกิจขนำดกลำง 
และขนำดย่อมทั้งหมดซึ่งได้ขึ้นบัญชีรำยชื่อไว้กับส ำนักงำนส่งเสริมวิสำหกิจขนำดกลำงและขนำดย่อม 
 
(ข) ในกรณีที่หน่วยงำนของรัฐไม่สำมำรถด ำเนินกำรจัดซื้อจัดจ้ำงพัสดุจำกผู้ประกอบ
วิสำหกิจขนำดกลำงและขนำดย่อมตำม  (ก)  ๑)  หรือ  ๒)  ให้หน่วยงำนของรัฐด ำเนินกำรจัดซื้อจัดจ้ำง
ตำมวิธีกำรที่ก ำหนดไว้ในพระรำชบัญญัติกำรจัดซื้อจัดจ้ำงและกำรบริหำรพัสดุภำครัฐ  พ.ศ.  ๒๕๖๐   
ในกำรด ำเนินกำรจัดซื้อจัดจ้ำงตำม  (๒)  (ข)  หำกหน่วยงำนของรัฐจัดซื้อจัดจ้ำงด้วยวิธีประกวด
รำคำอิเล็กทรอนิกส์  ซึ่งใช้เกณฑ์รำคำในกำรคัดเลือกผู้เสนอรำคำต่ ำสุดเป็นผู้ชนะกำรซื้อหรือกำรจ้ำง  
หำกผู้เสนอรำคำซึ่งเป็นผู้ประกอบวิสำหกิจขนำดกลำงและขนำดย่อมซึ่งได้ขึ้นบัญชีรำยชื่อไว้กับส ำนักงำน
ส่งเสริมวิสำหกิจขนำดกลำงและขนำดย่อมเสนอรำคำสูงกว่ำรำคำต่ ำสุดของผู้เสนอรำคำรำยอื่นไม่เกิน 
ร้อยละสิบ  ให้หน่วยงำนของรัฐจัดซื้อหรือจัดจ้ำงจำกผู้ประกอบวิสำหกิจขนำดกลำงและขนำดย่อมดังกล่ำว   
โดยจัดเรียงล ำดับผู้เสนอรำคำซึ่งเป็นผู้ประกอบวิสำหกิจขนำดกลำงและขนำดย่อมซึ่งเสนอรำคำสูงกว่ำ
รำคำต่ ำสุดของผู้เสนอรำคำรำยอื่นไม่เกินร้อยละสิบที่จะเรียกมำท ำสัญญำไม่เกินสำมรำย  และให้เรียกมำ
ท ำสัญญำตำมข้อ  ๕๕  (๓)  แห่งระเบียบกระทรวงกำรคลังว่ำด้วยกำรจัดซื้อจัดจ้ำงและกำรบริหำรพัสดุ
ภำครัฐ  พ.ศ.  ๒๕๖๐  ต่อไป   
ภำยในหกสิบวันนับแต่วันสิ้นปีงบประมำณ  ให้หน่วยงำนของรัฐแจ้งผลกำรจัดซื้อจัดจ้ำงพัสดุ
จำกผู้ประกอบวิสำหกิจขนำดกลำงและขนำดย่อม  รวมทั้งปัญหำและอุปสรรคจำกกำรจัดซื้อจัดจ้ำง 
ในปีงบประมำณที่ล่วงมำนั้นไปยังส ำนักงำนส่งเสริมวิสำหกิจขนำดกลำงและขนำดย่อม” 
ข้อ ๒ ให้เพิ่มควำมต่อไปนี้เป็นหมวด  ๗/๑  พัสดุส่งเสริมกำรผลิตภำยในประเทศ  ข้อ  ๒๗/๑   
ข้อ  ๒๗/๒  และข้อ  ๒๗/๓  และหมวด  ๗/๒  พัสดุที่เป็นมิตรกับสิ่งแวดล้อม  ข้อ  ๒๗/๔  ข้อ  ๒๗/๕   
และข้อ  ๒๗/๖  แห่งกฎกระทรวงก ำหนดพัสดุและวิธีกำรจัดซื้อจัดจ้ำงพัสดุที่รัฐต้องกำรส่งเสริมหรือ
สนับสนุน  พ.ศ.  ๒๕๖๓ 
“หมวด  ๗/๑ 
พัสดุส่งเสริมกำรผลิตภำยในประเทศ 
 
 
ข้อ  ๒๗/๑  ในหมวดนี้ 
้หนา   ๓
่เลม   ๑๓๗   ตอนที่   ๑๐๔    ก
ราชกิจจานุเบกษา
๒๒   ธันวาคม   ๒๕๖๓
“พัสดุส่งเสริมกำรผลิตภำยในประเทศ”  หมำยควำมว่ำ  พัสดุที่ได้รับกำรรับรองและ 
ออกเครื่องหมำยสินค้ำที่ผลิตในประเทศไทย  (Made  in  Thailand)  โดยสภำอุตสำหกรรมแห่งประเทศไทย 
“กำรใช้พัสดุที่ผลิตจำกต่ำงประเทศหรือน ำเข้ำพัสดุจำกต่ำงประเทศ”  หมำยถึง  กำรใช้ 
หรือกำรน ำเข้ำพัสดุที่ผลิตส ำเร็จรูปแล้วจำกต่ำงประเทศไม่ว่ำจะน ำเข้ำโดยคู่สัญญำหรือบุคคลอื่นใด 
ข้อ  ๒๗/๒  ให้พัสดุส่งเสริมกำรผลิตภำยในประเทศที่ได้ขึ้นบัญชีรำยกำรพัสดุและบัญชีรำยชื่อ
ไว้กับสภำอุตสำหกรรมแห่งประเทศไทย  เป็นพัสดุที่รัฐต้องกำรส่งเสริมหรือสนับสนุน   
ข้อ  ๒๗/๓  ให้หน่วยงำนของรัฐจัดซื้อจัดจ้ำงพัสดุตำมข้อ  ๒๗/๒  ดังต่อไปนี้ 
(๑) กำรจัดซื้อ 
 
(ก) ให้หน่วยงำนของรัฐจัดซื้อพัสดุส่งเสริมกำรผลิตภำยในประเทศตำมวิธีกำรที่ก ำหนดไว้ใน 
พระรำชบัญญัติกำรจัดซื้อจัดจ้ำงและกำรบริหำรพัสดุภำครัฐ  พ.ศ.  ๒๕๖๐ 
 
(ข) ในกรณีที่มีพัสดุส่งเสริมกำรผลิตภำยในประเทศแต่ไม่เพียงพอต่อควำมต้องกำร 
ในประเทศ  หรือมีผู้ประกอบกำรเข้ำยื่นข้อเสนอจ ำนวนน้อยรำย  หรือมีควำมจ ำเป็นจะต้องมีกำรใช้พัสดุ
ที่ผลิตจำกต่ำงประเทศหรือน ำเข้ำพัสดุจำกต่ำงประเทศ  ให้หน่วยงำนของรัฐเสนอผู้มีอ ำนำจเหนือขึ้นไป
หนึ่งชั้นพิจำรณำยกเว้นกำรด ำเนินกำรตำม  (ก)  หำกกำรจัดซื้อพัสดุส่งเสริมกำรผลิตภำยในประเทศ 
จะเป็นประโยชน์น้อยกว่ำ  เว้นแต่เป็นกำรจัดหำพัสดุดังต่อไปนี้  ให้เสนอหัวหน้ำหน่วยงำนของรัฐ 
เป็นผู้พิจำรณำ 
 
 
๑) เป็นกำรจัดหำอะไหล่ที่มีควำมจ ำเป็นจะต้องระบุคุณลักษณะเฉพำะ   
และจ ำเป็นต้องน ำเข้ำจำกต่ำงประเทศ   
 
 
๒) กรณีมีควำมจ ำเป็นจะต้องมีกำรใช้พัสดุที่ผลิตหรือน ำเข้ำจำกต่ำงประเทศซึ่งเป็น
กำรจัดหำครั้งหนึ่งที่มีวงเงินไม่เกินสองล้ำนบำท  หรือรำคำพัสดุที่น ำเข้ำจำกต่ำงประเทศมีรำคำต่อหน่วย
ไม่เกินสองล้ำนบำท   
(๒) กำรจัดจ้ำงงำนก่อสร้ำง  ให้หน่วยงำนของรัฐก ำหนดรำยละเอียดในแบบรูปรำยกำร 
งำนก่อสร้ำงว่ำ  “ให้ใช้พัสดุส่งเสริมกำรผลิตภำยในประเทศไม่น้อยกว่ำร้อยละหกสิบของพัสดุที่จะใช้ใน 
งำนก่อสร้ำง”  และด ำเนินกำรตำมเงื่อนไข  ดังต่อไปนี้   
 
(ก) ให้หน่วยงำนของรัฐใช้เหล็กหรือเหล็กกล้ำที่เป็นพัสดุส่งเสริมกำรผลิตภำยในประเทศก่อน   
ซึ่งต้องไม่น้อยกว่ำร้อยละเก้ำสิบของมูลค่ำหรือปริมำณเหล็กหรือเหล็กกล้ำที่ใช้ในงำนก่อสร้ำงทั้งหมด 
ในครั้งนั้น 
 
(ข) หำกกำรใช้เหล็กหรือเหล็กกล้ำตำม  (ก)  ยังไม่ครบร้อยละของมูลค่ำหรือปริมำณ 
ที่ก ำหนดให้ใช้พัสดุส่งเสริมกำรผลิตภำยในประเทศ  ให้หน่วยงำนของรัฐใช้พัสดุส่งเสริมกำรผลิต
ภำยในประเทศประเภทอื่นให้ครบตำมร้อยละของมูลค่ำหรือปริมำณที่ก ำหนดไว้ 
 
ในกรณีที่ไม่สำมำรถใช้พัสดุส่งเสริมกำรผลิตภำยในประเทศได้ตำมอัตรำที่ก ำหนด  
หน่วยงำนของรัฐต้องได้รับอนุมัติจำกผู้มีอ ำนำจเหนือขึ้นไปหนึ่งชั้นก่อน 
้หนา   ๔
่เลม   ๑๓๗   ตอนที่   ๑๐๔    ก
ราชกิจจานุเบกษา
๒๒   ธันวาคม   ๒๕๖๓
(๓) กำรจัดจ้ำงที่มิใช่งำนก่อสร้ำง  ให้หน่วยงำนของรัฐก ำหนดในขอบเขตของงำนหรือ
รำยละเอียดคุณลักษณะเฉพำะของวัสดุหรือครุภัณฑ์ที่จะใช้ในงำนจ้ำงว่ำ  “ให้ใช้พัสดุส่งเสริมกำรผลิต
ภำยในประเทศไม่น้อยกว่ำร้อยละหกสิบของวัสดุหรือครุภัณฑ์ที่จะใช้ในงำนจ้ำง”   
ในกรณีกำรจัดซื้อจัดจ้ำงที่มีผู้เสนอรำคำเป็นบุคคลธรรมดำซึ่งมิได้ถือสัญชำติไทยหรือนิติบุคคล 
ที่จัดตั้งขึ้นตำมกฎหมำยของต่ำงประเทศเข้ำเสนอรำคำแข่งขันกับผู้เสนอรำคำซึ่งเป็นบุคคลธรรมดำ 
ที่ถือสัญชำติไทยหรือนิติบุคคลที่จัดตั้งขึ้นตำมกฎหมำยไทย  หำกผู้เสนอรำคำซึ่งเป็นบุคคลธรรมดำ 
ที่ถือสัญชำติไทยหรือนิติบุคคลที่จัดตั้งขึ้นตำมกฎหมำยไทยเสนอรำคำสูงกว่ำรำคำต่ ำสุดของผู้เสนอรำคำ
ซึ่งเป็นบุคคลธรรมดำที่มิได้ถือสัญชำติไทยหรือนิติบุคคลที่จัดตั้งขึ้นตำมกฎหมำยของต่ำงประเทศไม่เกิน
ร้อยละสำม  ให้จัดซื้อหรือจัดจ้ำงจำกผู้เสนอรำคำซึ่งเป็นบุคคลธรรมดำที่ถือสัญชำติไทยหรือนิติบุคคล 
ที่จัดตั้งขึ้นตำมกฎหมำยไทยดังกล่ำว   
ให้หน่วยงำนของรัฐที่เป็นคู่สัญญำในกำรจัดจ้ำงตำมควำมใน  (๒)  และ  (๓)  ก ำหนดวิธีปฏิบัติ
เพื่อให้คู่สัญญำรำยงำนมูลค่ำหรือปริมำณกำรใช้พัสดุส่งเสริมกำรผลิตภำยในประเทศให้หน่วยงำนของรัฐ 
ที่เป็นคู่สัญญำทรำบ 
หมวด  ๗/๒ 
พัสดุที่เป็นมิตรกับสิ่งแวดล้อม 
 
 
ข้อ  ๒๗/๔  ในหมวดนี้ 
“พัสดุที่เป็นมิตรกับสิ่งแวดล้อม”  หมำยควำมว่ำ  สินค้ำหรือบริกำรที่ส่งผลกระทบ 
ต่อสิ่งแวดล้อมน้อยกว่ำสินค้ำหรือบริกำรประเภทเดียวกัน  แต่มีคุณสมบัติหรือคุณภำพเทียบเท่ำหรือ 
สูงกว่ำสินค้ำหรือบริกำรประเภทเดียวกัน  โดยพิจำรณำจำกขั้นตอนกำรจัดหำวัตถุดิบ  กำรผลิต   
กำรขนส่ง  กำรใช้งำน  กำรน ำกลับไปใช้  (reuse)  กำรแปรใช้ใหม่  (recycle)  และกำรน ำไปก ำจัด 
ข้อ  ๒๗/๕  ให้พัสดุที่เป็นมิตรกับสิ่งแวดล้อมตำมบัญชีรำยชื่อสินค้ำและบริกำรที่เป็นมิตร 
กับสิ่งแวดล้อมของกรมควบคุมมลพิษ  เป็นพัสดุที่รัฐต้องกำรส่งเสริมหรือสนับสนุน 
ข้อ  ๒๗/๖  วิธีกำรจัดซื้อจัดจ้ำงพัสดุที่เป็นมิตรกับสิ่งแวดล้อมตำมข้อ  ๒๗/๕  ให้ด ำเนินกำร  
ดังต่อไปนี้ 
(๑) หำกพัสดุที่จะจัดซื้อจัดจ้ำงมีผู้ขำยสินค้ำหรือผู้ให้บริกำรเพียงรำยเดียว  ให้หน่วยงำนของรัฐ
จัดซื้อจัดจ้ำงโดยวิธีเฉพำะเจำะจงจำกผู้ขำยหรือผู้ให้บริกำรโดยตรง   
(๒) หำกพัสดุที่จะจัดซื้อจัดจ้ำงมีผู้ขำยสินค้ำหรือผู้ให้บริกำรตั้งแต่สองรำยขึ้นไป  ให้หน่วยงำน
ของรัฐจัดซื้อจัดจ้ำงโดยวิธีคัดเลือก   
หำกหน่วยงำนของรัฐไม่ประสงค์จะจัดซื้อจัดจ้ำงโดยวิธีตำม  (๑)  และ  (๒)  จะใช้วิธี 
ประกำศเชิญชวนทั่วไปก็ได้” 
้หนา   ๕
่เลม   ๑๓๗   ตอนที่   ๑๐๔    ก
ราชกิจจานุเบกษา
๒๒   ธันวาคม   ๒๕๖๓
ข้อ ๓ ให้ยกเลิกควำมใน  (ก)  ของ  (๑)  ของข้อ  ๒๙  แห่งกฎกระทรวงก ำหนดพัสดุและ
วิธีกำรจัดซื้อจัดจ้ำงพัสดุที่รัฐต้องกำรส่งเสริมหรือสนับสนุน  พ.ศ.  ๒๕๖๓  และให้ใช้ควำมต่อไปนี้แทน 
“(ก)  สถำบันอุดมศึกษำของรัฐทุกแห่ง” 
ข้อ ๔ ให้ยกเลิกควำมในข้อ  ๓๑  แห่งกฎกระทรวงก ำหนดพัสดุและวิธีกำรจัดซื้อจัดจ้ำงพัสดุ
ที่รัฐต้องกำรส่งเสริมหรือสนับสนุน  พ.ศ.  ๒๕๖๓  และให้ใช้ควำมต่อไปนี้แทน 
“ข้อ  ๓๑  ให้หน่วยงำนของรัฐจัดจ้ำงที่ปรึกษำตำมข้อ  ๒๙  (๑)  (ก)  ในขอบเขตสำขำที่จัดให้
มีกำรเรียนกำรสอนภำยในสถำบันอุดมศึกษำนั้น ๆ  เพื่อประโยชน์ในกำรส่งเสริมทำงด้ำนวิชำกำรและ 
กำรวิจัยอย่ำงแท้จริง  โดยให้หน่วยงำนของรัฐด ำเนินกำรภำยใต้เงื่อนไข  ดังต่อไปนี้ 
(๑) หัวหน้ำโครงกำรหรือผู้บริหำรโครงกำรจะต้องเป็นบุคลำกรของสถำบันอุดมศึกษำของรัฐนั้น   
(๒) กำรด ำเนินงำนจะต้องด ำเนินกำรโดยบุคลำกรหลักของสถำบันอุดมศึกษำของรัฐนั้น 
ไม่น้อยกว่ำร้อยละแปดสิบของจ ำนวนบุคลำกรทั้งหมดในโครงกำร 
กำรจัดจ้ำงที่ปรึกษำตำมวรรคหนึ่ง  ให้ด ำเนินกำรโดยวิธีเฉพำะเจำะจง  หรือหำกหน่วยงำน 
ของรัฐไม่ประสงค์จะจัดจ้ำงโดยวิธีเฉพำะเจำะจง  หน่วยงำนของรัฐจะใช้วิธีประกำศเชิญชวนทั่วไปหรือ 
วิธีคัดเลือกก็ได้  ทั้งนี้  กำรให้บริกำรทำงวิชำกำรหรือกำรวิจัยและพัฒนำของสถำบันอุดมศึกษำของรัฐ
จะต้องไม่มีผลกระทบเสียหำยต่อกำรเรียนกำรสอน  กำรวิจัย  หรือกำรปฏิบัติหน้ำที่อื่นโดยปกติ 
ของข้ำรำชกำร  คณำจำรย์  นักศึกษำ  และบุคลำกรทำงกำรศึกษำ” 
 
ให้ไว้  ณ  วันที่  8  ธันวำคม  พ.ศ.  ๒๕๖3 
อำคม  เติมพิทยำไพสิฐ 
รัฐมนตรีว่ำกำรกระทรวงกำรคลัง 
้หนา   ๖
่เลม   ๑๓๗   ตอนที่   ๑๐๔    ก
ราชกิจจานุเบกษา
๒๒   ธันวาคม   ๒๕๖๓
หมำยเหตุ  :-  เหตุผลในกำรประกำศใช้กฎกระทรวงฉบับนี้  คือ  โดยที่เป็นกำรสมควรแก้ไขเพิ่มเติมกฎกระทรวง
ก ำหนดพัสดุและวิธีกำรจัดซื้อจัดจ้ำงพัสดุที่รัฐต้องกำรส่งเสริมหรือสนับสนุน  พ.ศ.  ๒๕๖๓  เพื่อก ำหนด 
ให้พัสดุที่จัดท ำขึ้นหรือจ ำหน่ำยโดยผู้ประกอบวิสำหกิจขนำดกลำงและขนำดย่อม  พัสดุส่งเสริมกำรผลิต 
ภำยในประเทศ  และพัสดุที่เป็นมิตรกับสิ่งแวดล้อม  เป็นพัสดุที่รัฐต้องกำรส่งเสริมหรือสนับสนุน  อันจะเป็น 
กำรช่วยเหลือผู้ประกอบวิสำหกิจขนำดกลำงและขนำดย่อมและเกษตรกร  ส่งเสริมให้มีกำรใช้พัสดุที่ผลิต
ภำยในประเทศและพัสดุที่อนุรักษ์สิ่งแวดล้อม  รวมทั้งเป็นกำรขับเคลื่อนเศรษฐกิจในภำพรวมของประเทศ   
และแก้ไขเพิ่มเติมที่ปรึกษำที่รัฐต้องกำรส่งเสริมหรือสนับสนุนประเภทที่ปรึกษำที่เป็นหน่วยงำนของรัฐ 
ให้ครอบคลุมถึงสถำบันอุดมศึกษำของรัฐทุกแห่งเพื่อให้เหมำะสมยิ่งขึ้น  จึงจ ำเป็นต้องออกกฎกระทรวงนี้ 
้หนา   ๗
่เลม   ๑๓๗   ตอนที่   ๑๐๔    ก
ราชกิจจานุเบกษา
๒๒   ธันวาคม   ๒๕๖๓
","

<!-- ===== page 1 ===== -->

![Royal emblem of Thailand](b33e8a31b9359c649b43fdd2ff149364_4_img.webp)

## กฎกระทรวง

กำหนดพัสดุและวิธีการจัดซื้อจัดจ้างพัสดุที่รัฐต้องการส่งเสริมหรือสนับสนุน (ฉบับที่ ๒)

พ.ศ. ๒๕๖๓

อาศัยอำนาจตามความในมาตรา ๕ วรรคหนึ่ง มาตรา ๕๖ วรรคหนึ่ง (๑) (๒) (๓) (๔) และวรรคสอง มาตรา ๖๕ วรรคสอง และมาตรา ๗๕ วรรคสอง แห่งพระราชบัญญัติการจัดซื้อจัดจ้างและการบริหารพัสดุภาครัฐ พ.ศ. ๒๕๖๐ รัฐมนตรีว่าการกระทรวงการคลังออกกฎกระทรวงไว้ดังต่อไปนี้

ข้อ ๑ ให้ยกเลิกข้อหมวด ๒ พุสดุส่งเสริมวิสาหกิจและการประกอบอาชีพและพัสดุส่งเสริมผู้ด้อยโอกาส และความในข้อ ๕ ข้อ ๖ และข้อ ๗ แห่งกฎกระทรวงกำหนดพัสดุและวิธีการจัดซื้อจัดจ้างพัสดุที่รัฐต้องการส่งเสริมหรือสนับสนุน พ.ศ. ๒๕๖๓ และให้ใช้ความต่อไปนี้แทน

### “หมวด ๒

#### พัสดุส่งเสริมวิสาหกิจและการประกอบอาชีพ

ข้อ ๕ ในหมวดนี้

“พัสดุส่งเสริมวิสาหกิจและการประกอบอาชีพ” หมายความว่า ผลิตผล ชิ้นงาน หรือบริการที่ผลิตหรือจัดทำขึ้น เพื่อส่งเสริมผู้ประกอบการเริ่มต้นของประเทศไทย หรือพัฒนาขีดความสามารถ ด้านเทคโนโลยี อุตสาหกรรม หรือสินค้าหรือบริการของผู้ประกอบวิสาหกิจขนาดกลางและขนาดย่อม วิสาหกิจชุมชน กลุ่มอาชีพที่อยู่ในการกำกับดูแลของหน่วยงานของรัฐหรือที่หน่วยงานของรัฐรับรอง หรือกลุ่มอาชีพอื่นที่มีลักษณะเดียวกัน หรือองค์กรหรือมูลนิธิเพื่อคนพิการหรือองค์กรการสงเคราะห์ที่ได้รับ การรับรองจากหน่วยงานของรัฐ

ข้อ ๖ ให้พัสดุส่งเสริมวิสาหกิจและการประกอบอาชีพดังต่อไปนี้ เป็นพัสดุที่รัฐต้องการส่งเสริม หรือสนับสนุน

(๑) ผลิตภัณ์ของกลุ่มอาชีพในหมู่บ้านและตำบลที่มีลักษณะ ดังต่อไปนี้

(ก) เป็นบุคคลซึ่งอยู่ในชุมชนพื้นที่นั้นร่วมกันเป็นกลุ่มตั้งแต่ห้าคนขึ้นไป ประกอบอาชีพ เพื่อเสริมสร้างรายได้และคุณภาพชีวิตในพื้นที่หมู่บ้านและตำบลนั้น

<!-- ===== page 2 ===== -->

(ข) มีการบริหารจัดการกลุ่มและมีการทำกิจกรรมของกลุ่มอย่างต่อเนื่อง รวมทั้งมีทรัพย์สินหรือเงินทุนของกลุ่มเพื่อดำเนินกิจการร่วมกัน

(ค) สมาชิกของกลุ่มต้องมีความรู้ ความสามารถ และมีความพร้อมที่จะพัฒนาศักยภาพในการผลิตงานที่รับมาทำและงานที่รับมาทำนั้นต้องดำเนินการโดยสมาชิกในกลุ่ม

(ง) มีการรับรองการดำเนินงานของกลุ่มหรือจดทะเบียนกลุ่มโดยหน่วยงานของรัฐที่มีหน้าที่ตามกฎหมายเกี่ยวกับการส่งเสริมการรวมกลุ่มเพื่อประกอบอาชีพ

(๒) ผลิตภัณฑ์ของร้านค้าสหกรณ์หรือสถาบันเกษตรกรที่กระทรวงเกษตรและสหกรณ์รับรอง

(๓) ผลิตภัณฑ์ที่ผลิตขึ้นเองหรืองานจ้างให้บริการรักษาความปลอดภัยขององค์การสงเคราะห์ทหารผ่านศึก ในพระบรมราชูปถัมภ์

(๔) ผลิตภัณฑ์ที่ผลิตขึ้นเองหรือบริการขององค์กรหรือมูลนิธิเพื่อคนพิการที่ได้รับการรับรองจากหน่วยงานของรัฐที่มีหน้าที่ตามกฎหมาย ได้แก่ สถานสงเคราะห์คนพิการและทุพพลภาพ โรงพยาบาลศรีัญญา สถานพยาบาลพระประแดง โรงเรียนสอนคนตาบอด ศูนย์ฝึกอาชีพคนตาบอด โรงเรียนสอนคนหูหนวก มูลนิธิอนุเคราะห์คนหูหนวก มูลนิธิอนุเคราะห์คนพิการ มูลนิธิพระมหาไถ่ เพื่อการพัฒนาคนพิการ หรือองค์กรหรือมูลนิธิเพื่อคนพิการอื่นที่มีลักษณะเดียวกัน

(๕) ผลิตภัณฑ์จากเรือนจำ สถานกักกัน หรือสถานกักขัง รวมถึงงานก่อสร้าง งานรับจ้าง งานบริการ หรืองานใด ๆ ที่ใช้ฝีมือแรงงานของผู้ถูกคุมขัง และผลิตภัณฑ์จากร้านจำหน่ายของกรมราชทัณฑ์

(๖) ผลิตผล ขึ้นงาน หรือบริการที่ผลิต จัดทำขึ้น จำหน่าย หรือให้บริการโดยผู้ประกอบการวิสาหกิจขนาดกลางและขนาดย่อมที่ได้ขึ้นบัญชีรายการพัสดุและบัญชีรายชื่อผู้ประกอบการวิสาหกิจขนาดกลางและขนาดย่อมไว้กับสำนักงานส่งเสริมวิสาหกิจขนาดกลางและขนาดย่อม

ข้อ ๗ วิธีการจัดซื้อจัดจ้างพัสดุส่งเสริมวิสาหกิจและการประกอบอาชีพตามข้อ ๖ ให้ดำเนินการ ดังต่อไปนี้

(๑) ให้หน่วยงานของรัฐจัดซื้อจัดจ้างพัสดุตามข้อ ๖ (๑) (๒) (๓) (๔) และ (๕) โดยวิธีเฉพาะเจาะจง หรือหากหน่วยงานของรัฐไม่ประสงค์จะจัดซื้อจัดจ้างโดยวิธีเฉพาะเจาะจง หน่วยงานของรัฐจะใช้วิธีประกาศเชิญชวนทั่วไปหรือวิธีคัดเลือกก็ได้

(๒) ให้หน่วยงานของรัฐจัดซื้อจัดจ้างพัสดุตามข้อ ๖ (๖) ดังต่อไปนี้

(ก) ให้หน่วยงานของรัฐจัดซื้อจัดจ้างพัสดุจากผู้ประกอบการวิสาหกิจขนาดกลางและขนาดย่อม ซึ่งได้ขึ้นบัญชีรายการพัสดุและบัญชีรายชื่อผู้ประกอบการวิสาหกิจขนาดกลางและขนาดย่อมไว้กับสำนักงานส่งเสริมวิสาหกิจขนาดกลางและขนาดย่อม โดยให้ใช้เงินงบประมาณจัดซื้อจัดจ้างพัสดุดังกล่าว ไม่น้อยกว่าร้อยละสามสิบของงบประมาณสำหรับการจัดซื้อจัดจ้างพัสดุที่อยู่ในบัญชีรายการพัสดุ และบัญชีรายชื่อผู้ประกอบการวิสาหกิจขนาดกลางและขนาดย่อม โดยดำเนินการ ดังต่อไปนี้

<!-- ===== page 3 ===== -->

๑) ในกรณีที่หน่วยงานของรัฐอยู่ในจังหวัดที่มีผู้ประกอบการวิสาหกิจขนาดกลางและขนาดย่อมซึ่งได้ขึ้นบัญชีรายชื่อไว้กับสำนักงานส่งเสริมวิสาหกิจขนาดกลางและขนาดย่อมสำหรับจังหวัดนั้นไม่น้อยกว่าสามราย และมีกำลังการผลิตหรือส่งมอบได้ตามความต้องการของหน่วยงานของรัฐให้หน่วยงานของรัฐจัดซื้อจัดจ้างโดยวิธีคัดเลือกจากผู้ประกอบการวิสาหกิจขนาดกลางและขนาดย่อมซึ่งได้ขึ้นบัญชีรายชื่อไว้กับสำนักงานส่งเสริมวิสาหกิจขนาดกลางและขนาดย่อมสำหรับจังหวัดนั้น

๒) ในกรณีที่หน่วยงานของรัฐอยู่ในจังหวัดที่มีผู้ประกอบการวิสาหกิจขนาดกลางและขนาดย่อมซึ่งได้ขึ้นบัญชีรายชื่อไว้กับสำนักงานส่งเสริมวิสาหกิจขนาดกลางและขนาดย่อมสำหรับจังหวัดนั้นน้อยกว่าสามราย ให้หน่วยงานของรัฐจัดซื้อจัดจ้างโดยวิธีคัดเลือกจากผู้ประกอบการวิสาหกิจขนาดกลางและขนาดย่อมทั้งหมดซึ่งได้ขึ้นบัญชีรายชื่อไว้กับสำนักงานส่งเสริมวิสาหกิจขนาดกลางและขนาดย่อม

(ข) ในกรณีที่หน่วยงานของรัฐไม่สามารถดำเนินการจัดซื้อจัดจ้างพัสดุจากผู้ประกอบการวิสาหกิจขนาดกลางและขนาดย่อมตาม (ก) ๑) หรือ ๒) ให้หน่วยงานของรัฐดำเนินการจัดซื้อจัดจ้างตามวิธีการที่กำหนดไว้ในพระราชบัญญัติการจัดซื้อจัดจ้างและการบริหารพัสดุภาครัฐ พ.ศ. ๒๕๖๐

ในการดำเนินการจัดซื้อจัดจ้างตาม (๒) (ข) หากหน่วยงานของรัฐจัดซื้อจัดจ้างด้วยวิธีประกวดราคาอิเล็กทรอนิกส์ ซึ่งใช้เกณฑ์ราคาในการคัดเลือกผู้เสนอราคาต่ำสุดเป็นผู้ชนะการซื้อหรือการจ้าง หากผู้เสนอราคาซึ่งเป็นผู้ประกอบการวิสาหกิจขนาดกลางและขนาดย่อมซึ่งได้ขึ้นบัญชีรายชื่อไว้กับสำนักงานส่งเสริมวิสาหกิจขนาดกลางและขนาดย่อมเสนอราคาสูงกว่าราคาต่ำสุดของผู้เสนอราคารายอื่นไม่เกินร้อยละสิบ ให้หน่วยงานของรัฐจัดซื้อหรือจัดจ้างจากผู้ประกอบการวิสาหกิจขนาดกลางและขนาดย่อมดังกล่าวโดยจัดเรียงลำดับผู้เสนอราคาซึ่งเป็นผู้ประกอบการวิสาหกิจขนาดกลางและขนาดย่อมซึ่งเสนอราคาสูงกว่าราคาต่ำสุดของผู้เสนอราคารายอื่นไม่เกินร้อยละสิบที่จะเรียกมาทำสัญญาไม่เกินสามราย และให้เรียกมาทำสัญญาตามข้อ ๕๕ (๓) แห่งระเบียบกระทรวงการคลังว่าด้วยการจัดซื้อจัดจ้างและการบริหารพัสดุภาครัฐ พ.ศ. ๒๕๖๐ ต่อไป

ภายในหกสิบวันนับแต่วันสิ้นปีงบประมาณ ให้หน่วยงานของรัฐแจ้งผลการจัดซื้อจัดจ้างพัสดุจากผู้ประกอบการวิสาหกิจขนาดกลางและขนาดย่อม รวมทั้งปัญหาและอุปสรรคจากการจัดซื้อจัดจ้างในงบประมาณที่ล่วงมานั้นไปยังสำนักงานส่งเสริมวิสาหกิจขนาดกลางและขนาดย่อม”

ข้อ ๒ ให้เพิ่มความต่อไปนี้เป็นหมวด ๗/๑ พุสดุส่งเสริมการผลิตภายในประเทศ ข้อ ๒๗/๑ ข้อ ๒๗/๒ และข้อ ๒๗/๓ และหมวด ๗/๒ พุสดุที่เป็นมิตรกับสิ่งแวดล้อม ข้อ ๒๗/๔ ข้อ ๒๗/๕ และข้อ ๒๗/๖ แห่งกฎกระทรวงกำหนดพัสดุและวิธีการจัดซื้อจัดจ้างพัสดุที่รัฐต้องการส่งเสริมหรือสนับสนุน พ.ศ. ๒๕๖๓

“หมวด ๗/๑

พัสดุส่งเสริมการผลิตภายในประเทศ

ข้อ ๒๗/๑ ในหมวดนี้

<!-- ===== page 4 ===== -->

“พัสดุส่งเสริมการผลิตภายในประเทศ” หมายความว่า พัสดุที่ได้รับการรับรองและออกเครื่องหมายสินค้าที่ผลิตในประเทศไทย (Made in Thailand) โดยสภาอุตสาหกรรมแห่งประเทศไทย

“การใช้พัสดุที่ผลิตจากต่างประเทศหรือนำเข้าพัสดุจากต่างประเทศ” หมายถึง การใช้หรือการนำเข้าพัสดุที่ผลิตสำเร็จรูปแล้วจากต่างประเทศไม่ว่าจะนำเข้าโดยคู่สัญญาหรือบุคคลอื่นใด

ข้อ ๒๗/๒ ให้พัสดุส่งเสริมการผลิตภายในประเทศที่ได้ขึ้นบัญชีรายการพัสดุและบัญชีรายชื่อไว้กับสภาอุตสาหกรรมแห่งประเทศไทย เป็นพัสดุที่รัฐต้องการส่งเสริมหรือสนับสนุน

ข้อ ๒๗/๓ ให้หน่วยงานของรัฐจัดซื้อจัดจ้างพัสดุตามข้อ ๒๗/๒ ดังต่อไปนี้

(๑) การจัดซื้อ

(ก) ให้หน่วยงานของรัฐจัดซื้อพัสดุส่งเสริมการผลิตภายในประเทศตามวิธีการที่กำหนดไว้ในพระราชบัญญัติการจัดซื้อจัดจ้างและการบริหารพัสดุภาครัฐ พ.ศ. ๒๕๖๐

(ข) ในกรณีที่มีพัสดุส่งเสริมการผลิตภายในประเทศแต่ไม่เพียงพอต่อความต้องการในประเทศ หรือมีผู้ประกอบการเข้ายื่นข้อเสนอจำนวนน้อยราย หรือมีความจำเป็นจะต้องมีการใช้พัสดุที่ผลิตจากต่างประเทศหรือนำเข้าพัสดุจากต่างประเทศ ให้หน่วยงานของรัฐเสนอผู้มีอำนาจเหนือขึ้นไปหนึ่งขั้นพิจารณายกเว้นการดำเนินการตาม (ก) หากการจัดซื้อพัสดุส่งเสริมการผลิตภายในประเทศจะเป็นประโยชน์น้อยกว่า เว้นแต่เป็นการจัดหาพัสดุดังต่อไปนี้ ให้เสนอหัวหน้าหน่วยงานของรัฐเป็นผู้พิจารณา

๑) เป็นการจัดหาอะไหล่ที่มีความจำเป็นจะต้องระบุคุณลักษณะเฉพาะและจำเป็นต้องนำเข้าจากต่างประเทศ

๒) กรณีมีความจำเป็นจะต้องมีการใช้พัสดุที่ผลิตหรือนำเข้าจากต่างประเทศซึ่งเป็นการจัดหาครั้งหนึ่งที่มีวงเงินไม่เกินสองล้านบาท หรือราคาพัสดุที่นำเข้าจากต่างประเทศมีราคาต่อหน่วยไม่เกินสองล้านบาท

(๒) การจัดจ้างงานก่อสร้าง ให้หน่วยงานของรัฐกำหนดรายละเอียดในแบบรูปรายการงานก่อสร้างว่า “ให้ใช้พัสดุส่งเสริมการผลิตภายในประเทศไม่น้อยกว่าร้อยละหกสิบของพัสดุที่จะใช้ในการก่อสร้าง” และดำเนินการตามเงื่อนไข ดังต่อไปนี้

(ก) ให้หน่วยงานของรัฐใช้เหล็กหรือเหล็กกล้าที่เป็นพัสดุส่งเสริมการผลิตภายในประเทศก่อน ซึ่งต้องไม่น้อยกว่าร้อยละเก้าสิบของมูลค่าหรือปริมาณเหล็กหรือเหล็กกล้าที่ใช้ในงานก่อสร้างทั้งหมดในครั้งนั้น

(ข) หากการใช้เหล็กหรือเหล็กกล้าตาม (ก) ยังไม่ครบร้อยละของมูลค่าหรือปริมาณที่กำหนดให้ใช้พัสดุส่งเสริมการผลิตภายในประเทศ ให้หน่วยงานของรัฐใช้พัสดุส่งเสริมการผลิตภายในประเทศประเภทอื่นให้ครบตามร้อยละของมูลค่าหรือปริมาณที่กำหนดไว้

ในกรณีที่ไม่สามารถใช้พัสดุส่งเสริมการผลิตภายในประเทศได้ตามอัตราที่กำหนด หน่วยงานของรัฐต้องได้รับอนุมัติจากผู้มีอำนาจเหนือขึ้นไปหนึ่งขั้นก่อน

<!-- ===== page 5 ===== -->

(๓) การจัดจ้างที่มีใช้งานก่อสร้าง ให้หน่วยงานของรัฐกำหนดในขอบเขตของงานหรือรายละเอียดคุณลักษณะเฉพาะของวัสดุหรือครุภัณฑ์ที่จะใช้ในงานจ้างว่า “ให้ใช้วัสดุส่งเสริมการผลิตภายในประเทศไม่น้อยกว่าร้อยละหกสิบของวัสดุหรือครุภัณฑ์ที่จะใช้ในงานจ้าง”

ในการจัดการจัดซื้อจัดจ้างที่มีผู้เสนอราคาเป็นบุคคลธรรมดาซึ่งมิได้ถือสัญชาติไทยหรือนิติบุคคลที่จัดตั้งขึ้นตามกฎหมายของต่างประเทศเข้าเสนอราคาแข่งขันกับผู้เสนอราคาซึ่งเป็นบุคคลธรรมดาที่ถือสัญชาติไทยหรือนิติบุคคลที่จัดตั้งขึ้นตามกฎหมายไทย หากผู้เสนอราคาซึ่งเป็นบุคคลธรรมดาที่ถือสัญชาติไทยหรือนิติบุคคลที่จัดตั้งขึ้นตามกฎหมายไทยเสนอราคาสูงกว่าราคาต่ำสุดของผู้เสนอราคาซึ่งเป็นบุคคลธรรมดาที่มีได้ถือสัญชาติไทยหรือนิติบุคคลที่จัดตั้งขึ้นตามกฎหมายของต่างประเทศไม่เกินร้อยละสาม ให้จัดซื้อหรือจัดจ้างจากผู้เสนอราคาซึ่งเป็นบุคคลธรรมดาที่ถือสัญชาติไทยหรือนิติบุคคลที่จัดตั้งขึ้นตามกฎหมายไทยดังกล่าว

ให้หน่วยงานของรัฐที่เป็นคู่สัญญาในการจัดจ้างตามความใน (๒) และ (๓) กำหนดวิธีปฏิบัติเพื่อให้คู่สัญญารายงานมูลค่าหรือปริมาณการใช้วัสดุส่งเสริมการผลิตภายในประเทศให้หน่วยงานของรัฐที่เป็นคู่สัญญาทราบ

#### หมวด ๗/๒

#### วัสดุที่เป็นมิตรกับสิ่งแวดล้อม

ข้อ ๒๗/๔ ในหมวดนี้

“วัสดุที่เป็นมิตรกับสิ่งแวดล้อม” หมายความว่า สินค้าหรือบริการที่ส่งผลกระทบต่อสิ่งแวดล้อมน้อยกว่าสินค้าหรือบริการประเภทเดียวกัน แต่มีคุณสมบัติหรือคุณภาพเทียบเท่าหรือสูงกว่าสินค้าหรือบริการประเภทเดียวกัน โดยพิจารณาจากขั้นตอนการจัดหาวัตถุดิบ การผลิต การขนส่ง การใช้งาน การนำกลับไปใช้ (reuse) การแปรรูปใหม่ (recycle) และการนำไปกำจัด

ข้อ ๒๗/๕ ให้วัสดุที่เป็นมิตรกับสิ่งแวดล้อมตามบัญชีรายชื่อสินค้าและบริการที่เป็นมิตรกับสิ่งแวดล้อมของกรมควบคุมมลพิษ เป็นวัสดุที่รัฐต้องการส่งเสริมหรือสนับสนุน

ข้อ ๒๗/๖ วิธีการจัดซื้อจัดจ้างวัสดุที่เป็นมิตรกับสิ่งแวดล้อมตามข้อ ๒๗/๕ ให้ดำเนินการดังต่อไปนี้

(๑) หากวัสดุที่จะจัดซื้อจัดจ้างมีผู้ขายสินค้าหรือผู้ให้บริการเพียงรายเดียว ให้หน่วยงานของรัฐจัดซื้อจัดจ้างโดยวิธีเฉพาะเจาะจงจากผู้ขายหรือผู้ให้บริการโดยตรง

(๒) หากวัสดุที่จะจัดซื้อจัดจ้างมีผู้ขายสินค้าหรือผู้ให้บริการตั้งแต่สองรายขึ้นไป ให้หน่วยงานของรัฐจัดซื้อจัดจ้างโดยวิธีคัดเลือก

หากหน่วยงานของรัฐไม่ประสงค์จะจัดซื้อจัดจ้างโดยวิธีตาม (๑) และ (๒) จะใช้วิธีประกาศเชิญชวนทั่วไปก็ได้”

<!-- ===== page 6 ===== -->

ข้อ ๓ ให้ยกเลิกความใน (ก) ของ (๑) ของข้อ ๒๙ แห่งกฎกระทรวงกำหนดพัสดุและวิธีการจัดซื้อจัดจ้างพัสดุที่รัฐต้องการส่งเสริมหรือสนับสนุน พ.ศ. ๒๕๖๓ และให้ใช้ความต่อไปนี้แทน

“(ก) สถาบันอุดมศึกษาของรัฐทุกแห่ง”

ข้อ ๔ ให้ยกเลิกความในข้อ ๓๑ แห่งกฎกระทรวงกำหนดพัสดุและวิธีการจัดซื้อจัดจ้างพัสดุที่รัฐต้องการส่งเสริมหรือสนับสนุน พ.ศ. ๒๕๖๓ และให้ใช้ความต่อไปนี้แทน

“ข้อ ๓๑ ให้หน่วยงานของรัฐจัดจ้างที่ปรึกษาตามข้อ ๒๙ (๑) (ก) ในขอบเขตสาขาที่จัดให้มีการเรียนการสอนภายในสถาบันอุดมศึกษานั้น ๆ เพื่อประโยชน์ในการส่งเสริมทางด้านวิชาการและการวิจัยอย่างแท้จริง โดยให้หน่วยงานของรัฐดำเนินการภายใต้เงื่อนไข ดังต่อไปนี้

(๑) หัวหน้าโครงการหรือผู้บริหารโครงการจะต้องเป็นบุคลากรของสถาบันอุดมศึกษาของรัฐนั้น

(๒) การดำเนินงานจะต้องดำเนินการโดยบุคลากรหลักของสถาบันอุดมศึกษาของรัฐนั้น ไม่น้อยกว่าร้อยละแปดสิบของจำนวนบุคลากรทั้งหมดในโครงการ

การจัดจ้างที่ปรึกษาตามวรรคหนึ่ง ให้ดำเนินการโดยวิธีเฉพาะเจาะจง หรือหากหน่วยงานของรัฐไม่ประสงค์จะจัดจ้างโดยวิธีเฉพาะเจาะจง หน่วยงานของรัฐจะใช้วิธีประกาศเชิญชวนทั่วไปหรือวิธีคัดเลือกก็ได้ ทั้งนี้ การให้บริการทางวิชาการหรือการวิจัยและพัฒนาของสถาบันอุดมศึกษาของรัฐจะต้องไม่มีผลกระทบเสียหายต่อการเรียนการสอน การวิจัย หรือการปฏิบัติหน้าที่อื่นโดยปกติของข้าราชการ พนักงาน ข้าราชการ นักศึกษา และบุคลากรทางการศึกษา”

ให้ไว้ ณ วันที่ ๘ ธันวาคม พ.ศ. ๒๕๖๓

อาคม เต็มพิทยาไพสิฐ

รัฐมนตรีว่าการกระทรวงการคลัง

<!-- ===== page 7 ===== -->

หมายเหตุ :- เหตุผลในการประกาศใช้กฎกระทรวงฉบับนี้ คือ โดยที่เป็นการสมควรแก้ไขเพิ่มเติมกฎกระทรวงกำหนดวัสดุและวิธีการจัดซื้อจัดจ้างวัสดุที่รัฐต้องการส่งเสริมหรือสนับสนุน พ.ศ. ๒๕๖๓ เพื่อกำหนดให้วัสดุที่จัดทำขึ้นหรือจำหน่ายโดยผู้ประกอบการวิสาหกิจขนาดกลางและขนาดย่อม วัสดุส่งเสริมการผลิตภายในประเทศ และวัสดุที่เป็นมิตรกับสิ่งแวดล้อม เป็นวัสดุที่รัฐต้องการส่งเสริมหรือสนับสนุน อันจะเป็นการช่วยเหลือผู้ประกอบการวิสาหกิจขนาดกลางและขนาดย่อมและเกษตรกร ส่งเสริมให้มีการใช้วัสดุที่ผลิตภายในประเทศและวัสดุที่อนุรักษ์สิ่งแวดล้อม รวมทั้งเป็นการขับเคลื่อนเศรษฐกิจในภาพรวมของประเทศ และแก้ไขเพิ่มเติมที่ปรึกษาที่รัฐต้องการส่งเสริมหรือสนับสนุนประเภทที่ปรึกษาที่เป็นหน่วยงานของรัฐให้ครอบคลุมถึงสถาบันอุดมศึกษาของรัฐทุกแห่งเพื่อให้เหมาะสมยิ่งขึ้น จึงจำเป็นต้องออกกฎกระทรวงนี้",328.549,0.121571,
